Position,Nucleotide,Frequency
1,T,1
2,G,1
3,A,1
4,T,1
5,T,1
6,C,1
7,A,1
8,T,1
9,T,1
10,T,1
11,G,1
12,T,1
13,T,1
14,G,1
15,T,1
16,T,1
17,C,1
18,C,1
19,A,1
20,G,1
21,A,1
22,T,1
23,A,0
24,G,0
25,C,0
26,A,0
27,A,0
28,T,0
29,A,0
30,T,0
31,T,1
32,T,2
33,G,2
34,T,2
35,G,2
36,G,2
37,G,2
38,T,2
39,G,2
40,T,2
41,T,2
42,C,2
43,T,3
44,G,3
45,T,3
46,C,3
47,A,3
48,T,3
49,T,3
50,C,3
51,A,3
52,G,3
53,C,3
54,A,3
55,T,3
56,C,2
57,G,1
58,C,1
59,A,1
60,G,1
61,T,1
62,C,1
63,C,1
64,T,1
65,G,1
66,A,1
67,A,1
68,C,0
69,A,0
70,A,0
71,A,0
72,G,0
73,T,0
74,A,0
75,G,0
76,A,0
77,T,1
78,A,1
79,T,1
80,T,1
81,G,1
82,G,2
83,A,2
84,T,2
85,T,2
86,G,3
87,G,3
88,A,3
89,T,3
90,C,3
91,A,3
92,G,3
93,T,3
94,C,3
95,T,3
96,C,3
97,T,3
98,T,3
99,T,3
100,C,3
101,G,3
102,A,2
103,T,2
104,G,3
105,C,3
106,C,3
107,A,2
108,G,2
109,A,2
110,T,2
111,G,1
112,T,1
113,A,1
114,A,1
115,G,1
116,A,1
117,T,1
118,G,1
119,A,1
120,C,1
121,T,1
122,T,1
123,C,1
124,C,1
125,T,1
126,T,1
127,T,1
128,T,1
129,T,0
130,T,0
