epeg No.,PAM,PAM No.,Strand,Spacer,Filler,RTTs,PBS,Complete epegRNA,Length (bp),Complete epegRNA (SF),Length (bp) (SF),Edited DNA Sequence,epeg No. within PAM
61,AGG,1,+,GAGACCCTAGTCTGCCACTG,GTTTCGAGACGCTGAGCCCCCGTCTCGGTGC,GGAAGGGCAAAACCAAATCCTCAG,TGGCAGACTAGGG,GAGACCCTAGTCTGCCACTGGTTTCGAGACGCTGAGCCCCCGTCTCGGTGCGGAAGGGCAAAACCAAATCCTCAGTGGCAGACTAGGG,143,GAGACCCTAGTCTGCCACTGGTTTCAGAGCTATGCTGGAAACAGCATAGCAAGTTGAAATAAGGCTAGTCCGTTATCAACTTGAAAAAGTGGCACCGAGTCGGTGCGGAAGGGCAAAACCAAATCCTCAGTGGCAGACTAGGG,143,TTTTCTTTAACCTAAAGTGAGATCCATCAGTAGTACAGGTAGTTGTTGGCAAAGCCTCTTGTTCGTTCCTTGTACTGAGACCCTAGTCTGCCACTGAGGATTTGGTTT-TGCCCTTCCAGTGTATACTCTGAAAGAGCGATGCCTCCAGGTTGTCCGGAGCCTAGTCAAGCCTGAGAATTACAGGAGACTGGACATCGTCAGGTCGCTCTACGAAGATCTGGAAGACCACCCAAATGTGCAGAAAGACCTGGAGCGGCTGACACAGGAGCGCATTGCACATCAACGGATGGGAGATTGAAGATTTCTGTTGAAACTTACACTGTTTCATCTCAGCTTTTGATGGTACTGATGAGTCTTGATCTAGATACAGGACTGGTTCCTTCCTTAGTTTCAAAGTGTCTCATTCTCAG,61
62,AGG,1,+,GAGACCCTAGTCTGCCACTG,GTTTCGAGACGAGCGGCAGCCGTCTCGGTGC,GGAAGGGCAAAAACCTCATCCTCAG,TGGCAGACTAGGG,GAGACCCTAGTCTGCCACTGGTTTCGAGACGAGCGGCAGCCGTCTCGGTGCGGAAGGGCAAAAACCTCATCCTCAGTGGCAGACTAGGG,144,GAGACCCTAGTCTGCCACTGGTTTCAGAGCTATGCTGGAAACAGCATAGCAAGTTGAAATAAGGCTAGTCCGTTATCAACTTGAAAAAGTGGCACCGAGTCGGTGCGGAAGGGCAAAAACCTCATCCTCAGTGGCAGACTAGGG,144,TTTTCTTTAACCTAAAGTGAGATCCATCAGTAGTACAGGTAGTTGTTGGCAAAGCCTCTTGTTCGTTCCTTGTACTGAGACCCTAGTCTGCCACTGAGGATgaGGTTTTTGCCCTTCCAGTGTATACTCTGAAAGAGCGATGCCTCCAGGTTGTCCGGAGCCTAGTCAAGCCTGAGAATTACAGGAGACTGGACATCGTCAGGTCGCTCTACGAAGATCTGGAAGACCACCCAAATGTGCAGAAAGACCTGGAGCGGCTGACACAGGAGCGCATTGCACATCAACGGATGGGAGATTGAAGATTTCTGTTGAAACTTACACTGTTTCATCTCAGCTTTTGATGGTACTGATGAGTCTTGATCTAGATACAGGACTGGTTCCTTCCTTAGTTTCAAAGTGTCTCATTCTCAG,62
138,TGG,2,+,GTAGTCTGCCACTGAGGATT,GTTTCGAGACGTGGCATCAGCGTCTCGGTGC,TACACTGGAGGGCAAAAACCAAAT,CCTCAGTGGCAGA,GTAGTCTGCCACTGAGGATTGTTTCGAGACGTGGCATCAGCGTCTCGGTGCTACACTGGAGGGCAAAAACCAAATCCTCAGTGGCAGA,143,GTAGTCTGCCACTGAGGATTGTTTCAGAGCTATGCTGGAAACAGCATAGCAAGTTGAAATAAGGCTAGTCCGTTATCAACTTGAAAAAGTGGCACCGAGTCGGTGCTACACTGGAGGGCAAAAACCAAATCCTCAGTGGCAGA,143,TTTTCTTTAACCTAAAGTGAGATCCATCAGTAGTACAGGTAGTTGTTGGCAAAGCCTCTTGTTCGTTCCTTGTACTGAGACCCTAGTCTGCCACTGAGGATTTGGTTTTTGCCC-TCCAGTGTATACTCTGAAAGAGCGATGCCTCCAGGTTGTCCGGAGCCTAGTCAAGCCTGAGAATTACAGGAGACTGGACATCGTCAGGTCGCTCTACGAAGATCTGGAAGACCACCCAAATGTGCAGAAAGACCTGGAGCGGCTGACACAGGAGCGCATTGCACATCAACGGATGGGAGATTGAAGATTTCTGTTGAAACTTACACTGTTTCATCTCAGCTTTTGATGGTACTGATGAGTCTTGATCTAGATACAGGACTGGTTCCTTCCTTAGTTTCAAAGTGTCTCATTCTCAG,76
139,TGG,2,+,GTAGTCTGCCACTGAGGATT,GTTTCGAGACGTTCACTGTTCGTCTCGGTGC,TACACTGGAAGGGCATCAACCAAAT,CCTCAGTGGCAGA,GTAGTCTGCCACTGAGGATTGTTTCGAGACGTTCACTGTTCGTCTCGGTGCTACACTGGAAGGGCATCAACCAAATCCTCAGTGGCAGA,144,GTAGTCTGCCACTGAGGATTGTTTCAGAGCTATGCTGGAAACAGCATAGCAAGTTGAAATAAGGCTAGTCCGTTATCAACTTGAAAAAGTGGCACCGAGTCGGTGCTACACTGGAAGGGCATCAACCAAATCCTCAGTGGCAGA,144,TTTTCTTTAACCTAAAGTGAGATCCATCAGTAGTACAGGTAGTTGTTGGCAAAGCCTCTTGTTCGTTCCTTGTACTGAGACCCTAGTCTGCCACTGAGGATTTGGTTgaTGCCCTTCCAGTGTATACTCTGAAAGAGCGATGCCTCCAGGTTGTCCGGAGCCTAGTCAAGCCTGAGAATTACAGGAGACTGGACATCGTCAGGTCGCTCTACGAAGATCTGGAAGACCACCCAAATGTGCAGAAAGACCTGGAGCGGCTGACACAGGAGCGCATTGCACATCAACGGATGGGAGATTGAAGATTTCTGTTGAAACTTACACTGTTTCATCTCAGCTTTTGATGGTACTGATGAGTCTTGATCTAGATACAGGACTGGTTCCTTCCTTAGTTTCAAAGTGTCTCATTCTCAG,77
215,AGG,3,+,GCTGAAAGAGCGATGCCTCC,GTTTCGAGACGGTTGACAAGCGTCTCGGTGC,TTGACTAGGTCCGGACAACCTGGA,GGCATCGCTCTTT,GCTGAAAGAGCGATGCCTCCGTTTCGAGACGGTTGACAAGCGTCTCGGTGCTTGACTAGGTCCGGACAACCTGGAGGCATCGCTCTTT,143,GCTGAAAGAGCGATGCCTCCGTTTCAGAGCTATGCTGGAAACAGCATAGCAAGTTGAAATAAGGCTAGTCCGTTATCAACTTGAAAAAGTGGCACCGAGTCGGTGCTTGACTAGGTCCGGACAACCTGGAGGCATCGCTCTTT,143,TTTTCTTTAACCTAAAGTGAGATCCATCAGTAGTACAGGTAGTTGTTGGCAAAGCCTCTTGTTCGTTCCTTGTACTGAGACCCTAGTCTGCCACTGAGGATTTGGTTTTTGCCCTTCCAGTGTATACTCTGAAAGAGCGATGCCTCCAGGTTGTCCGGA-CCTAGTCAAGCCTGAGAATTACAGGAGACTGGACATCGTCAGGTCGCTCTACGAAGATCTGGAAGACCACCCAAATGTGCAGAAAGACCTGGAGCGGCTGACACAGGAGCGCATTGCACATCAACGGATGGGAGATTGAAGATTTCTGTTGAAACTTACACTGTTTCATCTCAGCTTTTGATGGTACTGATGAGTCTTGATCTAGATACAGGACTGGTTCCTTCCTTAGTTTCAAAGTGTCTCATTCTCAG,76
216,AGG,3,+,GCTGAAAGAGCGATGCCTCC,GTTTCGAGACGGGGCTAGTTCGTCTCGGTGC,TTGACTAGGCTCCGGTCAACCTGGA,GGCATCGCTCTTT,GCTGAAAGAGCGATGCCTCCGTTTCGAGACGGGGCTAGTTCGTCTCGGTGCTTGACTAGGCTCCGGTCAACCTGGAGGCATCGCTCTTT,144,GCTGAAAGAGCGATGCCTCCGTTTCAGAGCTATGCTGGAAACAGCATAGCAAGTTGAAATAAGGCTAGTCCGTTATCAACTTGAAAAAGTGGCACCGAGTCGGTGCTTGACTAGGCTCCGGTCAACCTGGAGGCATCGCTCTTT,144,TTTTCTTTAACCTAAAGTGAGATCCATCAGTAGTACAGGTAGTTGTTGGCAAAGCCTCTTGTTCGTTCCTTGTACTGAGACCCTAGTCTGCCACTGAGGATTTGGTTTTTGCCCTTCCAGTGTATACTCTGAAAGAGCGATGCCTCCAGGTTGaCCGGAGCCTAGTCAAGCCTGAGAATTACAGGAGACTGGACATCGTCAGGTCGCTCTACGAAGATCTGGAAGACCACCCAAATGTGCAGAAAGACCTGGAGCGGCTGACACAGGAGCGCATTGCACATCAACGGATGGGAGATTGAAGATTTCTGTTGAAACTTACACTGTTTCATCTCAGCTTTTGATGGTACTGATGAGTCTTGATCTAGATACAGGACTGGTTCCTTCCTTAGTTTCAAAGTGTCTCATTCTCAG,77
292,CGG,4,+,GGCGATGCCTCCAGGTTGTC,GTTTCGAGACGACAATTCTACGTCTCGGTGC,TCTCAGGCTGACTAGGCTCCGGAC,AACCTGGAGGCAT,GGCGATGCCTCCAGGTTGTCGTTTCGAGACGACAATTCTACGTCTCGGTGCTCTCAGGCTGACTAGGCTCCGGACAACCTGGAGGCAT,143,GGCGATGCCTCCAGGTTGTCGTTTCAGAGCTATGCTGGAAACAGCATAGCAAGTTGAAATAAGGCTAGTCCGTTATCAACTTGAAAAAGTGGCACCGAGTCGGTGCTCTCAGGCTGACTAGGCTCCGGACAACCTGGAGGCAT,143,TTTTCTTTAACCTAAAGTGAGATCCATCAGTAGTACAGGTAGTTGTTGGCAAAGCCTCTTGTTCGTTCCTTGTACTGAGACCCTAGTCTGCCACTGAGGATTTGGTTTTTGCCCTTCCAGTGTATACTCTGAAAGAGCGATGCCTCCAGGTTGTCCGGAGCCTAGTC-AGCCTGAGAATTACAGGAGACTGGACATCGTCAGGTCGCTCTACGAAGATCTGGAAGACCACCCAAATGTGCAGAAAGACCTGGAGCGGCTGACACAGGAGCGCATTGCACATCAACGGATGGGAGATTGAAGATTTCTGTTGAAACTTACACTGTTTCATCTCAGCTTTTGATGGTACTGATGAGTCTTGATCTAGATACAGGACTGGTTCCTTCCTTAGTTTCAAAGTGTCTCATTCTCAG,76
293,CGG,4,+,GGCGATGCCTCCAGGTTGTC,GTTTCGAGACGGAAAAAGAACGTCTCGGTGC,TCTCAGGCTTGACTTCACTCCGGAC,AACCTGGAGGCAT,GGCGATGCCTCCAGGTTGTCGTTTCGAGACGGAAAAAGAACGTCTCGGTGCTCTCAGGCTTGACTTCACTCCGGACAACCTGGAGGCAT,144,GGCGATGCCTCCAGGTTGTCGTTTCAGAGCTATGCTGGAAACAGCATAGCAAGTTGAAATAAGGCTAGTCCGTTATCAACTTGAAAAAGTGGCACCGAGTCGGTGCTCTCAGGCTTGACTTCACTCCGGACAACCTGGAGGCAT,144,TTTTCTTTAACCTAAAGTGAGATCCATCAGTAGTACAGGTAGTTGTTGGCAAAGCCTCTTGTTCGTTCCTTGTACTGAGACCCTAGTCTGCCACTGAGGATTTGGTTTTTGCCCTTCCAGTGTATACTCTGAAAGAGCGATGCCTCCAGGTTGTCCGGAGtgaAGTCAAGCCTGAGAATTACAGGAGACTGGACATCGTCAGGTCGCTCTACGAAGATCTGGAAGACCACCCAAATGTGCAGAAAGACCTGGAGCGGCTGACACAGGAGCGCATTGCACATCAACGGATGGGAGATTGAAGATTTCTGTTGAAACTTACACTGTTTCATCTCAGCTTTTGATGGTACTGATGAGTCTTGATCTAGATACAGGACTGGTTCCTTCCTTAGTTTCAAAGTGTCTCATTCTCAG,77
369,AGG,5,+,GAGTCAAGCCTGAGAATTAC,GTTTCGAGACGTTGCTAGGGCGTCTCGGTGC,ACCTGACGAGTCCAGTCTCCTGTA,ATTCTCAGGCTTG,GAGTCAAGCCTGAGAATTACGTTTCGAGACGTTGCTAGGGCGTCTCGGTGCACCTGACGAGTCCAGTCTCCTGTAATTCTCAGGCTTG,143,GAGTCAAGCCTGAGAATTACGTTTCAGAGCTATGCTGGAAACAGCATAGCAAGTTGAAATAAGGCTAGTCCGTTATCAACTTGAAAAAGTGGCACCGAGTCGGTGCACCTGACGAGTCCAGTCTCCTGTAATTCTCAGGCTTG,143,TTTTCTTTAACCTAAAGTGAGATCCATCAGTAGTACAGGTAGTTGTTGGCAAAGCCTCTTGTTCGTTCCTTGTACTGAGACCCTAGTCTGCCACTGAGGATTTGGTTTTTGCCCTTCCAGTGTATACTCTGAAAGAGCGATGCCTCCAGGTTGTCCGGAGCCTAGTCAAGCCTGAGAATTACAGGAGACTGGAC-TCGTCAGGTCGCTCTACGAAGATCTGGAAGACCACCCAAATGTGCAGAAAGACCTGGAGCGGCTGACACAGGAGCGCATTGCACATCAACGGATGGGAGATTGAAGATTTCTGTTGAAACTTACACTGTTTCATCTCAGCTTTTGATGGTACTGATGAGTCTTGATCTAGATACAGGACTGGTTCCTTCCTTAGTTTCAAAGTGTCTCATTCTCAG,76
370,AGG,5,+,GAGTCAAGCCTGAGAATTAC,GTTTCGAGACGCAATAAAGACGTCTCGGTGC,ACCTGACGATGTCCTCACTCCTGTA,ATTCTCAGGCTTG,GAGTCAAGCCTGAGAATTACGTTTCGAGACGCAATAAAGACGTCTCGGTGCACCTGACGATGTCCTCACTCCTGTAATTCTCAGGCTTG,144,GAGTCAAGCCTGAGAATTACGTTTCAGAGCTATGCTGGAAACAGCATAGCAAGTTGAAATAAGGCTAGTCCGTTATCAACTTGAAAAAGTGGCACCGAGTCGGTGCACCTGACGATGTCCTCACTCCTGTAATTCTCAGGCTTG,144,TTTTCTTTAACCTAAAGTGAGATCCATCAGTAGTACAGGTAGTTGTTGGCAAAGCCTCTTGTTCGTTCCTTGTACTGAGACCCTAGTCTGCCACTGAGGATTTGGTTTTTGCCCTTCCAGTGTATACTCTGAAAGAGCGATGCCTCCAGGTTGTCCGGAGCCTAGTCAAGCCTGAGAATTACAGGAGtgaGGACATCGTCAGGTCGCTCTACGAAGATCTGGAAGACCACCCAAATGTGCAGAAAGACCTGGAGCGGCTGACACAGGAGCGCATTGCACATCAACGGATGGGAGATTGAAGATTTCTGTTGAAACTTACACTGTTTCATCTCAGCTTTTGATGGTACTGATGAGTCTTGATCTAGATACAGGACTGGTTCCTTCCTTAGTTTCAAAGTGTCTCATTCTCAG,77
446,TGG,6,+,GCCTGAGAATTACAGGAGAC,GTTTCGAGACGACCCATTTACGTCTCGGTGC,TAGAGCGACTGACGATGTCCAGTC,TCCTGTAATTCTC,GCCTGAGAATTACAGGAGACGTTTCGAGACGACCCATTTACGTCTCGGTGCTAGAGCGACTGACGATGTCCAGTCTCCTGTAATTCTC,143,GCCTGAGAATTACAGGAGACGTTTCAGAGCTATGCTGGAAACAGCATAGCAAGTTGAAATAAGGCTAGTCCGTTATCAACTTGAAAAAGTGGCACCGAGTCGGTGCTAGAGCGACTGACGATGTCCAGTCTCCTGTAATTCTC,143,TTTTCTTTAACCTAAAGTGAGATCCATCAGTAGTACAGGTAGTTGTTGGCAAAGCCTCTTGTTCGTTCCTTGTACTGAGACCCTAGTCTGCCACTGAGGATTTGGTTTTTGCCCTTCCAGTGTATACTCTGAAAGAGCGATGCCTCCAGGTTGTCCGGAGCCTAGTCAAGCCTGAGAATTACAGGAGACTGGACATCGTCA-GTCGCTCTACGAAGATCTGGAAGACCACCCAAATGTGCAGAAAGACCTGGAGCGGCTGACACAGGAGCGCATTGCACATCAACGGATGGGAGATTGAAGATTTCTGTTGAAACTTACACTGTTTCATCTCAGCTTTTGATGGTACTGATGAGTCTTGATCTAGATACAGGACTGGTTCCTTCCTTAGTTTCAAAGTGTCTCATTCTCAG,76
447,TGG,6,+,GCCTGAGAATTACAGGAGAC,GTTTCGAGACGGTTCACTTCCGTCTCGGTGC,TAGAGCGACCTGACGTCATCCAGTC,TCCTGTAATTCTC,GCCTGAGAATTACAGGAGACGTTTCGAGACGGTTCACTTCCGTCTCGGTGCTAGAGCGACCTGACGTCATCCAGTCTCCTGTAATTCTC,144,GCCTGAGAATTACAGGAGACGTTTCAGAGCTATGCTGGAAACAGCATAGCAAGTTGAAATAAGGCTAGTCCGTTATCAACTTGAAAAAGTGGCACCGAGTCGGTGCTAGAGCGACCTGACGTCATCCAGTCTCCTGTAATTCTC,144,TTTTCTTTAACCTAAAGTGAGATCCATCAGTAGTACAGGTAGTTGTTGGCAAAGCCTCTTGTTCGTTCCTTGTACTGAGACCCTAGTCTGCCACTGAGGATTTGGTTTTTGCCCTTCCAGTGTATACTCTGAAAGAGCGATGCCTCCAGGTTGTCCGGAGCCTAGTCAAGCCTGAGAATTACAGGAGACTGGAtgaCGTCAGGTCGCTCTACGAAGATCTGGAAGACCACCCAAATGTGCAGAAAGACCTGGAGCGGCTGACACAGGAGCGCATTGCACATCAACGGATGGGAGATTGAAGATTTCTGTTGAAACTTACACTGTTTCATCTCAGCTTTTGATGGTACTGATGAGTCTTGATCTAGATACAGGACTGGTTCCTTCCTTAGTTTCAAAGTGTCTCATTCTCAG,77
523,AGG,7,+,GCAGGAGACTGGACATCGTC,GTTTCGAGACGCATGTACGCCGTCTCGGTGC,CCAGATCTTGTAGAGCGACCTGAC,GATGTCCAGTCTC,GCAGGAGACTGGACATCGTCGTTTCGAGACGCATGTACGCCGTCTCGGTGCCCAGATCTTGTAGAGCGACCTGACGATGTCCAGTCTC,143,GCAGGAGACTGGACATCGTCGTTTCAGAGCTATGCTGGAAACAGCATAGCAAGTTGAAATAAGGCTAGTCCGTTATCAACTTGAAAAAGTGGCACCGAGTCGGTGCCCAGATCTTGTAGAGCGACCTGACGATGTCCAGTCTC,143,TTTTCTTTAACCTAAAGTGAGATCCATCAGTAGTACAGGTAGTTGTTGGCAAAGCCTCTTGTTCGTTCCTTGTACTGAGACCCTAGTCTGCCACTGAGGATTTGGTTTTTGCCCTTCCAGTGTATACTCTGAAAGAGCGATGCCTCCAGGTTGTCCGGAGCCTAGTCAAGCCTGAGAATTACAGGAGACTGGACATCGTCAGGTCGCTCTAC-AAGATCTGGAAGACCACCCAAATGTGCAGAAAGACCTGGAGCGGCTGACACAGGAGCGCATTGCACATCAACGGATGGGAGATTGAAGATTTCTGTTGAAACTTACACTGTTTCATCTCAGCTTTTGATGGTACTGATGAGTCTTGATCTAGATACAGGACTGGTTCCTTCCTTAGTTTCAAAGTGTCTCATTCTCAG,76
524,AGG,7,+,GCAGGAGACTGGACATCGTC,GTTTCGAGACGAGACAGGAACGTCTCGGTGC,CCAGATCTTCGTAGTCAGACCTGAC,GATGTCCAGTCTC,GCAGGAGACTGGACATCGTCGTTTCGAGACGAGACAGGAACGTCTCGGTGCCCAGATCTTCGTAGTCAGACCTGACGATGTCCAGTCTC,144,GCAGGAGACTGGACATCGTCGTTTCAGAGCTATGCTGGAAACAGCATAGCAAGTTGAAATAAGGCTAGTCCGTTATCAACTTGAAAAAGTGGCACCGAGTCGGTGCCCAGATCTTCGTAGTCAGACCTGACGATGTCCAGTCTC,144,TTTTCTTTAACCTAAAGTGAGATCCATCAGTAGTACAGGTAGTTGTTGGCAAAGCCTCTTGTTCGTTCCTTGTACTGAGACCCTAGTCTGCCACTGAGGATTTGGTTTTTGCCCTTCCAGTGTATACTCTGAAAGAGCGATGCCTCCAGGTTGTCCGGAGCCTAGTCAAGCCTGAGAATTACAGGAGACTGGACATCGTCAGGTCtgaCTACGAAGATCTGGAAGACCACCCAAATGTGCAGAAAGACCTGGAGCGGCTGACACAGGAGCGCATTGCACATCAACGGATGGGAGATTGAAGATTTCTGTTGAAACTTACACTGTTTCATCTCAGCTTTTGATGGTACTGATGAGTCTTGATCTAGATACAGGACTGGTTCCTTCCTTAGTTTCAAAGTGTCTCATTCTCAG,77
600,TGG,8,+,GAGGTCGCTCTACGAAGATC,GTTTCGAGACGTCATGTCGACGTCTCGGTGC,TGCACATTTGGTGGTCTTCCAGAT,CTTCGTAGAGCGA,GAGGTCGCTCTACGAAGATCGTTTCGAGACGTCATGTCGACGTCTCGGTGCTGCACATTTGGTGGTCTTCCAGATCTTCGTAGAGCGA,143,GAGGTCGCTCTACGAAGATCGTTTCAGAGCTATGCTGGAAACAGCATAGCAAGTTGAAATAAGGCTAGTCCGTTATCAACTTGAAAAAGTGGCACCGAGTCGGTGCTGCACATTTGGTGGTCTTCCAGATCTTCGTAGAGCGA,143,TTTTCTTTAACCTAAAGTGAGATCCATCAGTAGTACAGGTAGTTGTTGGCAAAGCCTCTTGTTCGTTCCTTGTACTGAGACCCTAGTCTGCCACTGAGGATTTGGTTTTTGCCCTTCCAGTGTATACTCTGAAAGAGCGATGCCTCCAGGTTGTCCGGAGCCTAGTCAAGCCTGAGAATTACAGGAGACTGGACATCGTCAGGTCGCTCTACGAAGATCTGGAAGACCACC-AAATGTGCAGAAAGACCTGGAGCGGCTGACACAGGAGCGCATTGCACATCAACGGATGGGAGATTGAAGATTTCTGTTGAAACTTACACTGTTTCATCTCAGCTTTTGATGGTACTGATGAGTCTTGATCTAGATACAGGACTGGTTCCTTCCTTAGTTTCAAAGTGTCTCATTCTCAG,76
601,TGG,8,+,GAGGTCGCTCTACGAAGATC,GTTTCGAGACGGTGAAGAGGCGTCTCGGTGC,TGCACATTTGGGTGGTCATCCAGAT,CTTCGTAGAGCGA,GAGGTCGCTCTACGAAGATCGTTTCGAGACGGTGAAGAGGCGTCTCGGTGCTGCACATTTGGGTGGTCATCCAGATCTTCGTAGAGCGA,144,GAGGTCGCTCTACGAAGATCGTTTCAGAGCTATGCTGGAAACAGCATAGCAAGTTGAAATAAGGCTAGTCCGTTATCAACTTGAAAAAGTGGCACCGAGTCGGTGCTGCACATTTGGGTGGTCATCCAGATCTTCGTAGAGCGA,144,TTTTCTTTAACCTAAAGTGAGATCCATCAGTAGTACAGGTAGTTGTTGGCAAAGCCTCTTGTTCGTTCCTTGTACTGAGACCCTAGTCTGCCACTGAGGATTTGGTTTTTGCCCTTCCAGTGTATACTCTGAAAGAGCGATGCCTCCAGGTTGTCCGGAGCCTAGTCAAGCCTGAGAATTACAGGAGACTGGACATCGTCAGGTCGCTCTACGAAGATCTGGAtGACCACCCAAATGTGCAGAAAGACCTGGAGCGGCTGACACAGGAGCGCATTGCACATCAACGGATGGGAGATTGAAGATTTCTGTTGAAACTTACACTGTTTCATCTCAGCTTTTGATGGTACTGATGAGTCTTGATCTAGATACAGGACTGGTTCCTTCCTTAGTTTCAAAGTGTCTCATTCTCAG,77
677,TGG,9,+,GCCAAATGTGCAGAAAGACC,GTTTCGAGACGGCGCAGGATCGTCTCGGTGC,CGCTCCTGTTCAGCCGCTCCAGGT,CTTTCTGCACATT,GCCAAATGTGCAGAAAGACCGTTTCGAGACGGCGCAGGATCGTCTCGGTGCCGCTCCTGTTCAGCCGCTCCAGGTCTTTCTGCACATT,143,GCCAAATGTGCAGAAAGACCGTTTCAGAGCTATGCTGGAAACAGCATAGCAAGTTGAAATAAGGCTAGTCCGTTATCAACTTGAAAAAGTGGCACCGAGTCGGTGCCGCTCCTGTTCAGCCGCTCCAGGTCTTTCTGCACATT,143,TTTTCTTTAACCTAAAGTGAGATCCATCAGTAGTACAGGTAGTTGTTGGCAAAGCCTCTTGTTCGTTCCTTGTACTGAGACCCTAGTCTGCCACTGAGGATTTGGTTTTTGCCCTTCCAGTGTATACTCTGAAAGAGCGATGCCTCCAGGTTGTCCGGAGCCTAGTCAAGCCTGAGAATTACAGGAGACTGGACATCGTCAGGTCGCTCTACGAAGATCTGGAAGACCACCCAAATGTGCAGAAAGACCTGGAGCGGCTGA-ACAGGAGCGCATTGCACATCAACGGATGGGAGATTGAAGATTTCTGTTGAAACTTACACTGTTTCATCTCAGCTTTTGATGGTACTGATGAGTCTTGATCTAGATACAGGACTGGTTCCTTCCTTAGTTTCAAAGTGTCTCATTCTCAG,76
678,TGG,9,+,GCCAAATGTGCAGAAAGACC,GTTTCGAGACGCTTTGCAAACGTCTCGGTGC,CGCTCCTGTGTCAGCTCATCCAGGT,CTTTCTGCACATT,GCCAAATGTGCAGAAAGACCGTTTCGAGACGCTTTGCAAACGTCTCGGTGCCGCTCCTGTGTCAGCTCATCCAGGTCTTTCTGCACATT,144,GCCAAATGTGCAGAAAGACCGTTTCAGAGCTATGCTGGAAACAGCATAGCAAGTTGAAATAAGGCTAGTCCGTTATCAACTTGAAAAAGTGGCACCGAGTCGGTGCCGCTCCTGTGTCAGCTCATCCAGGTCTTTCTGCACATT,144,TTTTCTTTAACCTAAAGTGAGATCCATCAGTAGTACAGGTAGTTGTTGGCAAAGCCTCTTGTTCGTTCCTTGTACTGAGACCCTAGTCTGCCACTGAGGATTTGGTTTTTGCCCTTCCAGTGTATACTCTGAAAGAGCGATGCCTCCAGGTTGTCCGGAGCCTAGTCAAGCCTGAGAATTACAGGAGACTGGACATCGTCAGGTCGCTCTACGAAGATCTGGAAGACCACCCAAATGTGCAGAAAGACCTGGAtgaGCTGACACAGGAGCGCATTGCACATCAACGGATGGGAGATTGAAGATTTCTGTTGAAACTTACACTGTTTCATCTCAGCTTTTGATGGTACTGATGAGTCTTGATCTAGATACAGGACTGGTTCCTTCCTTAGTTTCAAAGTGTCTCATTCTCAG,77
754,CGG,10,+,GTGTGCAGAAAGACCTGGAG,GTTTCGAGACGGTGAATATGCGTCTCGGTGC,CAATGCGCTCTGTGTCAGCCGCTC,CAGGTCTTTCTGC,GTGTGCAGAAAGACCTGGAGGTTTCGAGACGGTGAATATGCGTCTCGGTGCCAATGCGCTCTGTGTCAGCCGCTCCAGGTCTTTCTGC,143,GTGTGCAGAAAGACCTGGAGGTTTCAGAGCTATGCTGGAAACAGCATAGCAAGTTGAAATAAGGCTAGTCCGTTATCAACTTGAAAAAGTGGCACCGAGTCGGTGCCAATGCGCTCTGTGTCAGCCGCTCCAGGTCTTTCTGC,143,TTTTCTTTAACCTAAAGTGAGATCCATCAGTAGTACAGGTAGTTGTTGGCAAAGCCTCTTGTTCGTTCCTTGTACTGAGACCCTAGTCTGCCACTGAGGATTTGGTTTTTGCCCTTCCAGTGTATACTCTGAAAGAGCGATGCCTCCAGGTTGTCCGGAGCCTAGTCAAGCCTGAGAATTACAGGAGACTGGACATCGTCAGGTCGCTCTACGAAGATCTGGAAGACCACCCAAATGTGCAGAAAGACCTGGAGCGGCTGACACAG-AGCGCATTGCACATCAACGGATGGGAGATTGAAGATTTCTGTTGAAACTTACACTGTTTCATCTCAGCTTTTGATGGTACTGATGAGTCTTGATCTAGATACAGGACTGGTTCCTTCCTTAGTTTCAAAGTGTCTCATTCTCAG,76
755,CGG,10,+,GTGTGCAGAAAGACCTGGAG,GTTTCGAGACGGTCCAAAAGCGTCTCGGTGC,CAATGCGCTCCTGTTCAAGCCGCTC,CAGGTCTTTCTGC,GTGTGCAGAAAGACCTGGAGGTTTCGAGACGGTCCAAAAGCGTCTCGGTGCCAATGCGCTCCTGTTCAAGCCGCTCCAGGTCTTTCTGC,144,GTGTGCAGAAAGACCTGGAGGTTTCAGAGCTATGCTGGAAACAGCATAGCAAGTTGAAATAAGGCTAGTCCGTTATCAACTTGAAAAAGTGGCACCGAGTCGGTGCCAATGCGCTCCTGTTCAAGCCGCTCCAGGTCTTTCTGC,144,TTTTCTTTAACCTAAAGTGAGATCCATCAGTAGTACAGGTAGTTGTTGGCAAAGCCTCTTGTTCGTTCCTTGTACTGAGACCCTAGTCTGCCACTGAGGATTTGGTTTTTGCCCTTCCAGTGTATACTCTGAAAGAGCGATGCCTCCAGGTTGTCCGGAGCCTAGTCAAGCCTGAGAATTACAGGAGACTGGACATCGTCAGGTCGCTCTACGAAGATCTGGAAGACCACCCAAATGTGCAGAAAGACCTGGAGCGGCTtgaACAGGAGCGCATTGCACATCAACGGATGGGAGATTGAAGATTTCTGTTGAAACTTACACTGTTTCATCTCAGCTTTTGATGGTACTGATGAGTCTTGATCTAGATACAGGACTGGTTCCTTCCTTAGTTTCAAAGTGTCTCATTCTCAG,77
831,AGG,11,+,GGACCTGGAGCGGCTGACAC,GTTTCGAGACGGCCGGAGAGCGTCTCGGTGC,CGTTGATGTCAATGCGCTCCTGTG,TCAGCCGCTCCAG,GGACCTGGAGCGGCTGACACGTTTCGAGACGGCCGGAGAGCGTCTCGGTGCCGTTGATGTCAATGCGCTCCTGTGTCAGCCGCTCCAG,143,GGACCTGGAGCGGCTGACACGTTTCAGAGCTATGCTGGAAACAGCATAGCAAGTTGAAATAAGGCTAGTCCGTTATCAACTTGAAAAAGTGGCACCGAGTCGGTGCCGTTGATGTCAATGCGCTCCTGTGTCAGCCGCTCCAG,143,TTTTCTTTAACCTAAAGTGAGATCCATCAGTAGTACAGGTAGTTGTTGGCAAAGCCTCTTGTTCGTTCCTTGTACTGAGACCCTAGTCTGCCACTGAGGATTTGGTTTTTGCCCTTCCAGTGTATACTCTGAAAGAGCGATGCCTCCAGGTTGTCCGGAGCCTAGTCAAGCCTGAGAATTACAGGAGACTGGACATCGTCAGGTCGCTCTACGAAGATCTGGAAGACCACCCAAATGTGCAGAAAGACCTGGAGCGGCTGACACAGGAGCGCATTG-ACATCAACGGATGGGAGATTGAAGATTTCTGTTGAAACTTACACTGTTTCATCTCAGCTTTTGATGGTACTGATGAGTCTTGATCTAGATACAGGACTGGTTCCTTCCTTAGTTTCAAAGTGTCTCATTCTCAG,76
832,AGG,11,+,GGACCTGGAGCGGCTGACAC,GTTTCGAGACGATTAAGTCCCGTCTCGGTGC,CGTTGATGTGCAATGTCATCCTGTG,TCAGCCGCTCCAG,GGACCTGGAGCGGCTGACACGTTTCGAGACGATTAAGTCCCGTCTCGGTGCCGTTGATGTGCAATGTCATCCTGTGTCAGCCGCTCCAG,144,GGACCTGGAGCGGCTGACACGTTTCAGAGCTATGCTGGAAACAGCATAGCAAGTTGAAATAAGGCTAGTCCGTTATCAACTTGAAAAAGTGGCACCGAGTCGGTGCCGTTGATGTGCAATGTCATCCTGTGTCAGCCGCTCCAG,144,TTTTCTTTAACCTAAAGTGAGATCCATCAGTAGTACAGGTAGTTGTTGGCAAAGCCTCTTGTTCGTTCCTTGTACTGAGACCCTAGTCTGCCACTGAGGATTTGGTTTTTGCCCTTCCAGTGTATACTCTGAAAGAGCGATGCCTCCAGGTTGTCCGGAGCCTAGTCAAGCCTGAGAATTACAGGAGACTGGACATCGTCAGGTCGCTCTACGAAGATCTGGAAGACCACCCAAATGTGCAGAAAGACCTGGAGCGGCTGACACAGGAtgaCATTGCACATCAACGGATGGGAGATTGAAGATTTCTGTTGAAACTTACACTGTTTCATCTCAGCTTTTGATGGTACTGATGAGTCTTGATCTAGATACAGGACTGGTTCCTTCCTTAGTTTCAAAGTGTCTCATTCTCAG,77
908,CGG,12,+,GGGAGCGCATTGCACATCAA,GTTTCGAGACGATCGCATAGCGTCTCGGTGC,GAAATCTTCATCTCCCATCCGTTG,ATGTGCAATGCGC,GGGAGCGCATTGCACATCAAGTTTCGAGACGATCGCATAGCGTCTCGGTGCGAAATCTTCATCTCCCATCCGTTGATGTGCAATGCGC,143,GGGAGCGCATTGCACATCAAGTTTCAGAGCTATGCTGGAAACAGCATAGCAAGTTGAAATAAGGCTAGTCCGTTATCAACTTGAAAAAGTGGCACCGAGTCGGTGCGAAATCTTCATCTCCCATCCGTTGATGTGCAATGCGC,143,TTTTCTTTAACCTAAAGTGAGATCCATCAGTAGTACAGGTAGTTGTTGGCAAAGCCTCTTGTTCGTTCCTTGTACTGAGACCCTAGTCTGCCACTGAGGATTTGGTTTTTGCCCTTCCAGTGTATACTCTGAAAGAGCGATGCCTCCAGGTTGTCCGGAGCCTAGTCAAGCCTGAGAATTACAGGAGACTGGACATCGTCAGGTCGCTCTACGAAGATCTGGAAGACCACCCAAATGTGCAGAAAGACCTGGAGCGGCTGACACAGGAGCGCATTGCACATCAACGGATGGGAGAT-GAAGATTTCTGTTGAAACTTACACTGTTTCATCTCAGCTTTTGATGGTACTGATGAGTCTTGATCTAGATACAGGACTGGTTCCTTCCTTAGTTTCAAAGTGTCTCATTCTCAG,76
909,CGG,12,+,GGGAGCGCATTGCACATCAA,GTTTCGAGACGGGATTCTATCGTCTCGGTGC,GAAATCTTCAATCTTCAATCCGTTG,ATGTGCAATGCGC,GGGAGCGCATTGCACATCAAGTTTCGAGACGGGATTCTATCGTCTCGGTGCGAAATCTTCAATCTTCAATCCGTTGATGTGCAATGCGC,144,GGGAGCGCATTGCACATCAAGTTTCAGAGCTATGCTGGAAACAGCATAGCAAGTTGAAATAAGGCTAGTCCGTTATCAACTTGAAAAAGTGGCACCGAGTCGGTGCGAAATCTTCAATCTTCAATCCGTTGATGTGCAATGCGC,144,TTTTCTTTAACCTAAAGTGAGATCCATCAGTAGTACAGGTAGTTGTTGGCAAAGCCTCTTGTTCGTTCCTTGTACTGAGACCCTAGTCTGCCACTGAGGATTTGGTTTTTGCCCTTCCAGTGTATACTCTGAAAGAGCGATGCCTCCAGGTTGTCCGGAGCCTAGTCAAGCCTGAGAATTACAGGAGACTGGACATCGTCAGGTCGCTCTACGAAGATCTGGAAGACCACCCAAATGTGCAGAAAGACCTGGAGCGGCTGACACAGGAGCGCATTGCACATCAACGGATtGaAGATTGAAGATTTCTGTTGAAACTTACACTGTTTCATCTCAGCTTTTGATGGTACTGATGAGTCTTGATCTAGATACAGGACTGGTTCCTTCCTTAGTTTCAAAGTGTCTCATTCTCAG,77
985,TGG,13,+,GCGCATTGCACATCAACGGA,GTTTCGAGACGAGGTTGTGTCGTCTCGGTGC,AACAGAAATTTCAATCTCCCATCC,GTTGATGTGCAAT,GCGCATTGCACATCAACGGAGTTTCGAGACGAGGTTGTGTCGTCTCGGTGCAACAGAAATTTCAATCTCCCATCCGTTGATGTGCAAT,143,GCGCATTGCACATCAACGGAGTTTCAGAGCTATGCTGGAAACAGCATAGCAAGTTGAAATAAGGCTAGTCCGTTATCAACTTGAAAAAGTGGCACCGAGTCGGTGCAACAGAAATTTCAATCTCCCATCCGTTGATGTGCAAT,143,TTTTCTTTAACCTAAAGTGAGATCCATCAGTAGTACAGGTAGTTGTTGGCAAAGCCTCTTGTTCGTTCCTTGTACTGAGACCCTAGTCTGCCACTGAGGATTTGGTTTTTGCCCTTCCAGTGTATACTCTGAAAGAGCGATGCCTCCAGGTTGTCCGGAGCCTAGTCAAGCCTGAGAATTACAGGAGACTGGACATCGTCAGGTCGCTCTACGAAGATCTGGAAGACCACCCAAATGTGCAGAAAGACCTGGAGCGGCTGACACAGGAGCGCATTGCACATCAACGGATGGGAGATTGAA-ATTTCTGTTGAAACTTACACTGTTTCATCTCAGCTTTTGATGGTACTGATGAGTCTTGATCTAGATACAGGACTGGTTCCTTCCTTAGTTTCAAAGTGTCTCATTCTCAG,76
986,TGG,13,+,GCGCATTGCACATCAACGGA,GTTTCGAGACGTAGGACTGGCGTCTCGGTGC,AACAGAAATCTTCAATCACCCATCC,GTTGATGTGCAAT,GCGCATTGCACATCAACGGAGTTTCGAGACGTAGGACTGGCGTCTCGGTGCAACAGAAATCTTCAATCACCCATCCGTTGATGTGCAAT,144,GCGCATTGCACATCAACGGAGTTTCAGAGCTATGCTGGAAACAGCATAGCAAGTTGAAATAAGGCTAGTCCGTTATCAACTTGAAAAAGTGGCACCGAGTCGGTGCAACAGAAATCTTCAATCACCCATCCGTTGATGTGCAAT,144,TTTTCTTTAACCTAAAGTGAGATCCATCAGTAGTACAGGTAGTTGTTGGCAAAGCCTCTTGTTCGTTCCTTGTACTGAGACCCTAGTCTGCCACTGAGGATTTGGTTTTTGCCCTTCCAGTGTATACTCTGAAAGAGCGATGCCTCCAGGTTGTCCGGAGCCTAGTCAAGCCTGAGAATTACAGGAGACTGGACATCGTCAGGTCGCTCTACGAAGATCTGGAAGACCACCCAAATGTGCAGAAAGACCTGGAGCGGCTGACACAGGAGCGCATTGCACATCAACGGATGGGtGATTGAAGATTTCTGTTGAAACTTACACTGTTTCATCTCAGCTTTTGATGGTACTGATGAGTCTTGATCTAGATACAGGACTGGTTCCTTCCTTAGTTTCAAAGTGTCTCATTCTCAG,77
1059,GGG,14,+,GGCATTGCACATCAACGGAT,GTTTCGAGACGAAGGCCAGTCGTCTCGGTGC,CAACAGAAACTTCAATCTCCCATC,CGTTGATGTGCAA,GGCATTGCACATCAACGGATGTTTCGAGACGAAGGCCAGTCGTCTCGGTGCCAACAGAAACTTCAATCTCCCATCCGTTGATGTGCAA,143,GGCATTGCACATCAACGGATGTTTCAGAGCTATGCTGGAAACAGCATAGCAAGTTGAAATAAGGCTAGTCCGTTATCAACTTGAAAAAGTGGCACCGAGTCGGTGCCAACAGAAACTTCAATCTCCCATCCGTTGATGTGCAA,143,TTTTCTTTAACCTAAAGTGAGATCCATCAGTAGTACAGGTAGTTGTTGGCAAAGCCTCTTGTTCGTTCCTTGTACTGAGACCCTAGTCTGCCACTGAGGATTTGGTTTTTGCCCTTCCAGTGTATACTCTGAAAGAGCGATGCCTCCAGGTTGTCCGGAGCCTAGTCAAGCCTGAGAATTACAGGAGACTGGACATCGTCAGGTCGCTCTACGAAGATCTGGAAGACCACCCAAATGTGCAGAAAGACCTGGAGCGGCTGACACAGGAGCGCATTGCACATCAACGGATGGGAGATTGAAG-TTTCTGTTGAAACTTACACTGTTTCATCTCAGCTTTTGATGGTACTGATGAGTCTTGATCTAGATACAGGACTGGTTCCTTCCTTAGTTTCAAAGTGTCTCATTCTCAG,73
1060,GGG,14,+,GGCATTGCACATCAACGGAT,GTTTCGAGACGTAACTAGCGCGTCTCGGTGC,CAACAGAAATCTTCAATCACCCATC,CGTTGATGTGCAA,GGCATTGCACATCAACGGATGTTTCGAGACGTAACTAGCGCGTCTCGGTGCCAACAGAAATCTTCAATCACCCATCCGTTGATGTGCAA,144,GGCATTGCACATCAACGGATGTTTCAGAGCTATGCTGGAAACAGCATAGCAAGTTGAAATAAGGCTAGTCCGTTATCAACTTGAAAAAGTGGCACCGAGTCGGTGCCAACAGAAATCTTCAATCACCCATCCGTTGATGTGCAA,144,TTTTCTTTAACCTAAAGTGAGATCCATCAGTAGTACAGGTAGTTGTTGGCAAAGCCTCTTGTTCGTTCCTTGTACTGAGACCCTAGTCTGCCACTGAGGATTTGGTTTTTGCCCTTCCAGTGTATACTCTGAAAGAGCGATGCCTCCAGGTTGTCCGGAGCCTAGTCAAGCCTGAGAATTACAGGAGACTGGACATCGTCAGGTCGCTCTACGAAGATCTGGAAGACCACCCAAATGTGCAGAAAGACCTGGAGCGGCTGACACAGGAGCGCATTGCACATCAACGGATGGGtGATTGAAGATTTCTGTTGAAACTTACACTGTTTCATCTCAGCTTTTGATGGTACTGATGAGTCTTGATCTAGATACAGGACTGGTTCCTTCCTTAGTTTCAAAGTGTCTCATTCTCAG,74
1136,AGG,15,-,GCTCCTGTGTCAGCCGCTCC,GTTTCGAGACGGACGATGGGCGTCTCGGTGC,ACCCAAATGGCAGAAAGACCTGGA,GCGGCTGACACAG,GCTCCTGTGTCAGCCGCTCCGTTTCGAGACGGACGATGGGCGTCTCGGTGCACCCAAATGGCAGAAAGACCTGGAGCGGCTGACACAG,143,GCTCCTGTGTCAGCCGCTCCGTTTCAGAGCTATGCTGGAAACAGCATAGCAAGTTGAAATAAGGCTAGTCCGTTATCAACTTGAAAAAGTGGCACCGAGTCGGTGCACCCAAATGGCAGAAAGACCTGGAGCGGCTGACACAG,143,TTTTCTTTAACCTAAAGTGAGATCCATCAGTAGTACAGGTAGTTGTTGGCAAAGCCTCTTGTTCGTTCCTTGTACTGAGACCCTAGTCTGCCACTGAGGATTTGGTTTTTGCCCTTCCAGTGTATACTCTGAAAGAGCGATGCCTCCAGGTTGTCCGGAGCCTAGTCAAGCCTGAGAATTACAGGAGACTGGACATCGTCAGGTCGCTCTACGAAGATCTGGAAGACCACCCAAATG-GCAGAAAGACCTGGAGCGGCTGACACAGGAGCGCATTGCACATCAACGGATGGGAGATTGAAGATTTCTGTTGAAACTTACACTGTTTCATCTCAGCTTTTGATGGTACTGATGAGTCTTGATCTAGATACAGGACTGGTTCCTTCCTTAGTTTCAAAGTGTCTCATTCTCAG,76
1137,AGG,15,-,GCTCCTGTGTCAGCCGCTCC,GTTTCGAGACGACTTGTCTGCGTCTCGGTGC,ACCCAAATGTGCAGAATGACCTGGA,GCGGCTGACACAG,GCTCCTGTGTCAGCCGCTCCGTTTCGAGACGACTTGTCTGCGTCTCGGTGCACCCAAATGTGCAGAATGACCTGGAGCGGCTGACACAG,144,GCTCCTGTGTCAGCCGCTCCGTTTCAGAGCTATGCTGGAAACAGCATAGCAAGTTGAAATAAGGCTAGTCCGTTATCAACTTGAAAAAGTGGCACCGAGTCGGTGCACCCAAATGTGCAGAATGACCTGGAGCGGCTGACACAG,144,TTTTCTTTAACCTAAAGTGAGATCCATCAGTAGTACAGGTAGTTGTTGGCAAAGCCTCTTGTTCGTTCCTTGTACTGAGACCCTAGTCTGCCACTGAGGATTTGGTTTTTGCCCTTCCAGTGTATACTCTGAAAGAGCGATGCCTCCAGGTTGTCCGGAGCCTAGTCAAGCCTGAGAATTACAGGAGACTGGACATCGTCAGGTCGCTCTACGAAGATCTGGAAGACCACCCAAATGTGCAGAAtGACCTGGAGCGGCTGACACAGGAGCGCATTGCACATCAACGGATGGGAGATTGAAGATTTCTGTTGAAACTTACACTGTTTCATCTCAGCTTTTGATGGTACTGATGAGTCTTGATCTAGATACAGGACTGGTTCCTTCCTTAGTTTCAAAGTGTCTCATTCTCAG,77
1213,TGG,16,-,GCCAGGTCTTTCTGCACATT,GTTTCGAGACGATGTCTGATCGTCTCGGTGC,CGAAGATCTGAAGACCACCCAAAT,GTGCAGAAAGACC,GCCAGGTCTTTCTGCACATTGTTTCGAGACGATGTCTGATCGTCTCGGTGCCGAAGATCTGAAGACCACCCAAATGTGCAGAAAGACC,143,GCCAGGTCTTTCTGCACATTGTTTCAGAGCTATGCTGGAAACAGCATAGCAAGTTGAAATAAGGCTAGTCCGTTATCAACTTGAAAAAGTGGCACCGAGTCGGTGCCGAAGATCTGAAGACCACCCAAATGTGCAGAAAGACC,143,TTTTCTTTAACCTAAAGTGAGATCCATCAGTAGTACAGGTAGTTGTTGGCAAAGCCTCTTGTTCGTTCCTTGTACTGAGACCCTAGTCTGCCACTGAGGATTTGGTTTTTGCCCTTCCAGTGTATACTCTGAAAGAGCGATGCCTCCAGGTTGTCCGGAGCCTAGTCAAGCCTGAGAATTACAGGAGACTGGACATCGTCAGGTCGCTCTACGAAGATCT-GAAGACCACCCAAATGTGCAGAAAGACCTGGAGCGGCTGACACAGGAGCGCATTGCACATCAACGGATGGGAGATTGAAGATTTCTGTTGAAACTTACACTGTTTCATCTCAGCTTTTGATGGTACTGATGAGTCTTGATCTAGATACAGGACTGGTTCCTTCCTTAGTTTCAAAGTGTCTCATTCTCAG,76
1214,TGG,16,-,GCCAGGTCTTTCTGCACATT,GTTTCGAGACGAAAACAAAACGTCTCGGTGC,CGAAGATCTGGAAGATGACCCAAAT,GTGCAGAAAGACC,GCCAGGTCTTTCTGCACATTGTTTCGAGACGAAAACAAAACGTCTCGGTGCCGAAGATCTGGAAGATGACCCAAATGTGCAGAAAGACC,144,GCCAGGTCTTTCTGCACATTGTTTCAGAGCTATGCTGGAAACAGCATAGCAAGTTGAAATAAGGCTAGTCCGTTATCAACTTGAAAAAGTGGCACCGAGTCGGTGCCGAAGATCTGGAAGATGACCCAAATGTGCAGAAAGACC,144,TTTTCTTTAACCTAAAGTGAGATCCATCAGTAGTACAGGTAGTTGTTGGCAAAGCCTCTTGTTCGTTCCTTGTACTGAGACCCTAGTCTGCCACTGAGGATTTGGTTTTTGCCCTTCCAGTGTATACTCTGAAAGAGCGATGCCTCCAGGTTGTCCGGAGCCTAGTCAAGCCTGAGAATTACAGGAGACTGGACATCGTCAGGTCGCTCTACGAAGATCTGGAAGAtgACCCAAATGTGCAGAAAGACCTGGAGCGGCTGACACAGGAGCGCATTGCACATCAACGGATGGGAGATTGAAGATTTCTGTTGAAACTTACACTGTTTCATCTCAGCTTTTGATGGTACTGATGAGTCTTGATCTAGATACAGGACTGGTTCCTTCCTTAGTTTCAAAGTGTCTCATTCTCAG,77
1290,GGG,17,-,GCAGGTCTTTCTGCACATTT,GTTTCGAGACGCTTTGCAATCGTCTCGGTGC,ACGAAGATCGGAAGACCACCCAAA,TGTGCAGAAAGAC,GCAGGTCTTTCTGCACATTTGTTTCGAGACGCTTTGCAATCGTCTCGGTGCACGAAGATCGGAAGACCACCCAAATGTGCAGAAAGAC,143,GCAGGTCTTTCTGCACATTTGTTTCAGAGCTATGCTGGAAACAGCATAGCAAGTTGAAATAAGGCTAGTCCGTTATCAACTTGAAAAAGTGGCACCGAGTCGGTGCACGAAGATCGGAAGACCACCCAAATGTGCAGAAAGAC,143,TTTTCTTTAACCTAAAGTGAGATCCATCAGTAGTACAGGTAGTTGTTGGCAAAGCCTCTTGTTCGTTCCTTGTACTGAGACCCTAGTCTGCCACTGAGGATTTGGTTTTTGCCCTTCCAGTGTATACTCTGAAAGAGCGATGCCTCCAGGTTGTCCGGAGCCTAGTCAAGCCTGAGAATTACAGGAGACTGGACATCGTCAGGTCGCTCTACGAAGATC-GGAAGACCACCCAAATGTGCAGAAAGACCTGGAGCGGCTGACACAGGAGCGCATTGCACATCAACGGATGGGAGATTGAAGATTTCTGTTGAAACTTACACTGTTTCATCTCAGCTTTTGATGGTACTGATGAGTCTTGATCTAGATACAGGACTGGTTCCTTCCTTAGTTTCAAAGTGTCTCATTCTCAG,76
1291,GGG,17,-,GCAGGTCTTTCTGCACATTT,GTTTCGAGACGCATTTAACTCGTCTCGGTGC,ACGAAGATCTGGAAGATGACCCAAA,TGTGCAGAAAGAC,GCAGGTCTTTCTGCACATTTGTTTCGAGACGCATTTAACTCGTCTCGGTGCACGAAGATCTGGAAGATGACCCAAATGTGCAGAAAGAC,144,GCAGGTCTTTCTGCACATTTGTTTCAGAGCTATGCTGGAAACAGCATAGCAAGTTGAAATAAGGCTAGTCCGTTATCAACTTGAAAAAGTGGCACCGAGTCGGTGCACGAAGATCTGGAAGATGACCCAAATGTGCAGAAAGAC,144,TTTTCTTTAACCTAAAGTGAGATCCATCAGTAGTACAGGTAGTTGTTGGCAAAGCCTCTTGTTCGTTCCTTGTACTGAGACCCTAGTCTGCCACTGAGGATTTGGTTTTTGCCCTTCCAGTGTATACTCTGAAAGAGCGATGCCTCCAGGTTGTCCGGAGCCTAGTCAAGCCTGAGAATTACAGGAGACTGGACATCGTCAGGTCGCTCTACGAAGATCTGGAAGAtgACCCAAATGTGCAGAAAGACCTGGAGCGGCTGACACAGGAGCGCATTGCACATCAACGGATGGGAGATTGAAGATTTCTGTTGAAACTTACACTGTTTCATCTCAGCTTTTGATGGTACTGATGAGTCTTGATCTAGATACAGGACTGGTTCCTTCCTTAGTTTCAAAGTGTCTCATTCTCAG,77
1367,TGG,18,-,GGTCTTTCTGCACATTTGGG,GTTTCGAGACGCAGTATTAACGTCTCGGTGC,TCTACGAAGTCTGGAAGACCACCC,AAATGTGCAGAAA,GGTCTTTCTGCACATTTGGGGTTTCGAGACGCAGTATTAACGTCTCGGTGCTCTACGAAGTCTGGAAGACCACCCAAATGTGCAGAAA,143,GGTCTTTCTGCACATTTGGGGTTTCAGAGCTATGCTGGAAACAGCATAGCAAGTTGAAATAAGGCTAGTCCGTTATCAACTTGAAAAAGTGGCACCGAGTCGGTGCTCTACGAAGTCTGGAAGACCACCCAAATGTGCAGAAA,143,TTTTCTTTAACCTAAAGTGAGATCCATCAGTAGTACAGGTAGTTGTTGGCAAAGCCTCTTGTTCGTTCCTTGTACTGAGACCCTAGTCTGCCACTGAGGATTTGGTTTTTGCCCTTCCAGTGTATACTCTGAAAGAGCGATGCCTCCAGGTTGTCCGGAGCCTAGTCAAGCCTGAGAATTACAGGAGACTGGACATCGTCAGGTCGCTCTACGAAG-TCTGGAAGACCACCCAAATGTGCAGAAAGACCTGGAGCGGCTGACACAGGAGCGCATTGCACATCAACGGATGGGAGATTGAAGATTTCTGTTGAAACTTACACTGTTTCATCTCAGCTTTTGATGGTACTGATGAGTCTTGATCTAGATACAGGACTGGTTCCTTCCTTAGTTTCAAAGTGTCTCATTCTCAG,76
1368,TGG,18,-,GGTCTTTCTGCACATTTGGG,GTTTCGAGACGTATGAGACACGTCTCGGTGC,TCTACGAAGATCTGGATGACCACCC,AAATGTGCAGAAA,GGTCTTTCTGCACATTTGGGGTTTCGAGACGTATGAGACACGTCTCGGTGCTCTACGAAGATCTGGATGACCACCCAAATGTGCAGAAA,144,GGTCTTTCTGCACATTTGGGGTTTCAGAGCTATGCTGGAAACAGCATAGCAAGTTGAAATAAGGCTAGTCCGTTATCAACTTGAAAAAGTGGCACCGAGTCGGTGCTCTACGAAGATCTGGATGACCACCCAAATGTGCAGAAA,144,TTTTCTTTAACCTAAAGTGAGATCCATCAGTAGTACAGGTAGTTGTTGGCAAAGCCTCTTGTTCGTTCCTTGTACTGAGACCCTAGTCTGCCACTGAGGATTTGGTTTTTGCCCTTCCAGTGTATACTCTGAAAGAGCGATGCCTCCAGGTTGTCCGGAGCCTAGTCAAGCCTGAGAATTACAGGAGACTGGACATCGTCAGGTCGCTCTACGAAGATCTGGAtGACCACCCAAATGTGCAGAAAGACCTGGAGCGGCTGACACAGGAGCGCATTGCACATCAACGGATGGGAGATTGAAGATTTCTGTTGAAACTTACACTGTTTCATCTCAGCTTTTGATGGTACTGATGAGTCTTGATCTAGATACAGGACTGGTTCCTTCCTTAGTTTCAAAGTGTCTCATTCTCAG,77
1444,AGG,19,-,GCCAGTCTCCTGTAATTCTC,GTTTCGAGACGTATTCCTGACGTCTCGGTGC,TGTCCGGAGCTAGTCAAGCCTGAG,AATTACAGGAGAC,GCCAGTCTCCTGTAATTCTCGTTTCGAGACGTATTCCTGACGTCTCGGTGCTGTCCGGAGCTAGTCAAGCCTGAGAATTACAGGAGAC,143,GCCAGTCTCCTGTAATTCTCGTTTCAGAGCTATGCTGGAAACAGCATAGCAAGTTGAAATAAGGCTAGTCCGTTATCAACTTGAAAAAGTGGCACCGAGTCGGTGCTGTCCGGAGCTAGTCAAGCCTGAGAATTACAGGAGAC,143,TTTTCTTTAACCTAAAGTGAGATCCATCAGTAGTACAGGTAGTTGTTGGCAAAGCCTCTTGTTCGTTCCTTGTACTGAGACCCTAGTCTGCCACTGAGGATTTGGTTTTTGCCCTTCCAGTGTATACTCTGAAAGAGCGATGCCTCCAGGTTGTCCGGAG-CTAGTCAAGCCTGAGAATTACAGGAGACTGGACATCGTCAGGTCGCTCTACGAAGATCTGGAAGACCACCCAAATGTGCAGAAAGACCTGGAGCGGCTGACACAGGAGCGCATTGCACATCAACGGATGGGAGATTGAAGATTTCTGTTGAAACTTACACTGTTTCATCTCAGCTTTTGATGGTACTGATGAGTCTTGATCTAGATACAGGACTGGTTCCTTCCTTAGTTTCAAAGTGTCTCATTCTCAG,76
1445,AGG,19,-,GCCAGTCTCCTGTAATTCTC,GTTTCGAGACGTGGCGGCTGCGTCTCGGTGC,TGTCCGGAGCCTAGTTGAGCCTGAG,AATTACAGGAGAC,GCCAGTCTCCTGTAATTCTCGTTTCGAGACGTGGCGGCTGCGTCTCGGTGCTGTCCGGAGCCTAGTTGAGCCTGAGAATTACAGGAGAC,144,GCCAGTCTCCTGTAATTCTCGTTTCAGAGCTATGCTGGAAACAGCATAGCAAGTTGAAATAAGGCTAGTCCGTTATCAACTTGAAAAAGTGGCACCGAGTCGGTGCTGTCCGGAGCCTAGTTGAGCCTGAGAATTACAGGAGAC,144,TTTTCTTTAACCTAAAGTGAGATCCATCAGTAGTACAGGTAGTTGTTGGCAAAGCCTCTTGTTCGTTCCTTGTACTGAGACCCTAGTCTGCCACTGAGGATTTGGTTTTTGCCCTTCCAGTGTATACTCTGAAAGAGCGATGCCTCCAGGTTGTCCGGAGCCTAGTtgAGCCTGAGAATTACAGGAGACTGGACATCGTCAGGTCGCTCTACGAAGATCTGGAAGACCACCCAAATGTGCAGAAAGACCTGGAGCGGCTGACACAGGAGCGCATTGCACATCAACGGATGGGAGATTGAAGATTTCTGTTGAAACTTACACTGTTTCATCTCAGCTTTTGATGGTACTGATGAGTCTTGATCTAGATACAGGACTGGTTCCTTCCTTAGTTTCAAAGTGTCTCATTCTCAG,77
1521,AGG,20,-,GGTAATTCTCAGGCTTGACT,GTTTCGAGACGGGACCTCAGCGTCTCGGTGC,GCCTCCAGGTGTCCGGAGCCTAGT,CAAGCCTGAGAAT,GGTAATTCTCAGGCTTGACTGTTTCGAGACGGGACCTCAGCGTCTCGGTGCGCCTCCAGGTGTCCGGAGCCTAGTCAAGCCTGAGAAT,143,GGTAATTCTCAGGCTTGACTGTTTCAGAGCTATGCTGGAAACAGCATAGCAAGTTGAAATAAGGCTAGTCCGTTATCAACTTGAAAAAGTGGCACCGAGTCGGTGCGCCTCCAGGTGTCCGGAGCCTAGTCAAGCCTGAGAAT,143,TTTTCTTTAACCTAAAGTGAGATCCATCAGTAGTACAGGTAGTTGTTGGCAAAGCCTCTTGTTCGTTCCTTGTACTGAGACCCTAGTCTGCCACTGAGGATTTGGTTTTTGCCCTTCCAGTGTATACTCTGAAAGAGCGATGCCTCCAGG-TGTCCGGAGCCTAGTCAAGCCTGAGAATTACAGGAGACTGGACATCGTCAGGTCGCTCTACGAAGATCTGGAAGACCACCCAAATGTGCAGAAAGACCTGGAGCGGCTGACACAGGAGCGCATTGCACATCAACGGATGGGAGATTGAAGATTTCTGTTGAAACTTACACTGTTTCATCTCAGCTTTTGATGGTACTGATGAGTCTTGATCTAGATACAGGACTGGTTCCTTCCTTAGTTTCAAAGTGTCTCATTCTCAG,76
1522,AGG,20,-,GGTAATTCTCAGGCTTGACT,GTTTCGAGACGACTTGATGTCGTCTCGGTGC,GCCTCCAGGTTGTCCGTGACCTAGT,CAAGCCTGAGAAT,GGTAATTCTCAGGCTTGACTGTTTCGAGACGACTTGATGTCGTCTCGGTGCGCCTCCAGGTTGTCCGTGACCTAGTCAAGCCTGAGAAT,144,GGTAATTCTCAGGCTTGACTGTTTCAGAGCTATGCTGGAAACAGCATAGCAAGTTGAAATAAGGCTAGTCCGTTATCAACTTGAAAAAGTGGCACCGAGTCGGTGCGCCTCCAGGTTGTCCGTGACCTAGTCAAGCCTGAGAAT,144,TTTTCTTTAACCTAAAGTGAGATCCATCAGTAGTACAGGTAGTTGTTGGCAAAGCCTCTTGTTCGTTCCTTGTACTGAGACCCTAGTCTGCCACTGAGGATTTGGTTTTTGCCCTTCCAGTGTATACTCTGAAAGAGCGATGCCTCCAGGTTGTCCGtgaCCTAGTCAAGCCTGAGAATTACAGGAGACTGGACATCGTCAGGTCGCTCTACGAAGATCTGGAAGACCACCCAAATGTGCAGAAAGACCTGGAGCGGCTGACACAGGAGCGCATTGCACATCAACGGATGGGAGATTGAAGATTTCTGTTGAAACTTACACTGTTTCATCTCAGCTTTTGATGGTACTGATGAGTCTTGATCTAGATACAGGACTGGTTCCTTCCTTAGTTTCAAAGTGTCTCATTCTCAG,77
1598,CGG,21,-,GCTCAGGCTTGACTAGGCTC,GTTTCGAGACGCGCTTGATACGTCTCGGTGC,AGCGATGCCCCAGGTTGTCCGGAG,CCTAGTCAAGCCT,GCTCAGGCTTGACTAGGCTCGTTTCGAGACGCGCTTGATACGTCTCGGTGCAGCGATGCCCCAGGTTGTCCGGAGCCTAGTCAAGCCT,143,GCTCAGGCTTGACTAGGCTCGTTTCAGAGCTATGCTGGAAACAGCATAGCAAGTTGAAATAAGGCTAGTCCGTTATCAACTTGAAAAAGTGGCACCGAGTCGGTGCAGCGATGCCCCAGGTTGTCCGGAGCCTAGTCAAGCCT,143,TTTTCTTTAACCTAAAGTGAGATCCATCAGTAGTACAGGTAGTTGTTGGCAAAGCCTCTTGTTCGTTCCTTGTACTGAGACCCTAGTCTGCCACTGAGGATTTGGTTTTTGCCCTTCCAGTGTATACTCTGAAAGAGCGATGCC-CCAGGTTGTCCGGAGCCTAGTCAAGCCTGAGAATTACAGGAGACTGGACATCGTCAGGTCGCTCTACGAAGATCTGGAAGACCACCCAAATGTGCAGAAAGACCTGGAGCGGCTGACACAGGAGCGCATTGCACATCAACGGATGGGAGATTGAAGATTTCTGTTGAAACTTACACTGTTTCATCTCAGCTTTTGATGGTACTGATGAGTCTTGATCTAGATACAGGACTGGTTCCTTCCTTAGTTTCAAAGTGTCTCATTCTCAG,76
1599,CGG,21,-,GCTCAGGCTTGACTAGGCTC,GTTTCGAGACGGTGAGCAGCCGTCTCGGTGC,AGCGATGCCTCCAGGTTGACCGGAG,CCTAGTCAAGCCT,GCTCAGGCTTGACTAGGCTCGTTTCGAGACGGTGAGCAGCCGTCTCGGTGCAGCGATGCCTCCAGGTTGACCGGAGCCTAGTCAAGCCT,144,GCTCAGGCTTGACTAGGCTCGTTTCAGAGCTATGCTGGAAACAGCATAGCAAGTTGAAATAAGGCTAGTCCGTTATCAACTTGAAAAAGTGGCACCGAGTCGGTGCAGCGATGCCTCCAGGTTGACCGGAGCCTAGTCAAGCCT,144,TTTTCTTTAACCTAAAGTGAGATCCATCAGTAGTACAGGTAGTTGTTGGCAAAGCCTCTTGTTCGTTCCTTGTACTGAGACCCTAGTCTGCCACTGAGGATTTGGTTTTTGCCCTTCCAGTGTATACTCTGAAAGAGCGATGCCTCCAGGTTGaCCGGAGCCTAGTCAAGCCTGAGAATTACAGGAGACTGGACATCGTCAGGTCGCTCTACGAAGATCTGGAAGACCACCCAAATGTGCAGAAAGACCTGGAGCGGCTGACACAGGAGCGCATTGCACATCAACGGATGGGAGATTGAAGATTTCTGTTGAAACTTACACTGTTTCATCTCAGCTTTTGATGGTACTGATGAGTCTTGATCTAGATACAGGACTGGTTCCTTCCTTAGTTTCAAAGTGTCTCATTCTCAG,77
1675,TGG,22,-,GGACTAGGCTCCGGACAACC,GTTTCGAGACGGTGGCCCTCCGTCTCGGTGC,CTCTGAAAGGCGATGCCTCCAGGT,TGTCCGGAGCCTA,GGACTAGGCTCCGGACAACCGTTTCGAGACGGTGGCCCTCCGTCTCGGTGCCTCTGAAAGGCGATGCCTCCAGGTTGTCCGGAGCCTA,143,GGACTAGGCTCCGGACAACCGTTTCAGAGCTATGCTGGAAACAGCATAGCAAGTTGAAATAAGGCTAGTCCGTTATCAACTTGAAAAAGTGGCACCGAGTCGGTGCCTCTGAAAGGCGATGCCTCCAGGTTGTCCGGAGCCTA,143,TTTTCTTTAACCTAAAGTGAGATCCATCAGTAGTACAGGTAGTTGTTGGCAAAGCCTCTTGTTCGTTCCTTGTACTGAGACCCTAGTCTGCCACTGAGGATTTGGTTTTTGCCCTTCCAGTGTATACTCTGAAAG-GCGATGCCTCCAGGTTGTCCGGAGCCTAGTCAAGCCTGAGAATTACAGGAGACTGGACATCGTCAGGTCGCTCTACGAAGATCTGGAAGACCACCCAAATGTGCAGAAAGACCTGGAGCGGCTGACACAGGAGCGCATTGCACATCAACGGATGGGAGATTGAAGATTTCTGTTGAAACTTACACTGTTTCATCTCAGCTTTTGATGGTACTGATGAGTCTTGATCTAGATACAGGACTGGTTCCTTCCTTAGTTTCAAAGTGTCTCATTCTCAG,76
1676,TGG,22,-,GGACTAGGCTCCGGACAACC,GTTTCGAGACGTTAACGCGGCGTCTCGGTGC,CTCTGAAAGAGCGATGTGACCAGGT,TGTCCGGAGCCTA,GGACTAGGCTCCGGACAACCGTTTCGAGACGTTAACGCGGCGTCTCGGTGCCTCTGAAAGAGCGATGTGACCAGGTTGTCCGGAGCCTA,144,GGACTAGGCTCCGGACAACCGTTTCAGAGCTATGCTGGAAACAGCATAGCAAGTTGAAATAAGGCTAGTCCGTTATCAACTTGAAAAAGTGGCACCGAGTCGGTGCCTCTGAAAGAGCGATGTGACCAGGTTGTCCGGAGCCTA,144,TTTTCTTTAACCTAAAGTGAGATCCATCAGTAGTACAGGTAGTTGTTGGCAAAGCCTCTTGTTCGTTCCTTGTACTGAGACCCTAGTCTGCCACTGAGGATTTGGTTTTTGCCCTTCCAGTGTATACTCTGAAAGAGCGATGtgaCCAGGTTGTCCGGAGCCTAGTCAAGCCTGAGAATTACAGGAGACTGGACATCGTCAGGTCGCTCTACGAAGATCTGGAAGACCACCCAAATGTGCAGAAAGACCTGGAGCGGCTGACACAGGAGCGCATTGCACATCAACGGATGGGAGATTGAAGATTTCTGTTGAAACTTACACTGTTTCATCTCAGCTTTTGATGGTACTGATGAGTCTTGATCTAGATACAGGACTGGTTCCTTCCTTAGTTTCAAAGTGTCTCATTCTCAG,77
1752,AGG,23,-,GTAGGCTCCGGACAACCTGG,GTTTCGAGACGATTTCGGGTCGTCTCGGTGC,ATACTCTGAAGAGCGATGCCTCCA,GGTTGTCCGGAGC,GTAGGCTCCGGACAACCTGGGTTTCGAGACGATTTCGGGTCGTCTCGGTGCATACTCTGAAGAGCGATGCCTCCAGGTTGTCCGGAGC,143,GTAGGCTCCGGACAACCTGGGTTTCAGAGCTATGCTGGAAACAGCATAGCAAGTTGAAATAAGGCTAGTCCGTTATCAACTTGAAAAAGTGGCACCGAGTCGGTGCATACTCTGAAGAGCGATGCCTCCAGGTTGTCCGGAGC,143,TTTTCTTTAACCTAAAGTGAGATCCATCAGTAGTACAGGTAGTTGTTGGCAAAGCCTCTTGTTCGTTCCTTGTACTGAGACCCTAGTCTGCCACTGAGGATTTGGTTTTTGCCCTTCCAGTGTATACTCTGA-AGAGCGATGCCTCCAGGTTGTCCGGAGCCTAGTCAAGCCTGAGAATTACAGGAGACTGGACATCGTCAGGTCGCTCTACGAAGATCTGGAAGACCACCCAAATGTGCAGAAAGACCTGGAGCGGCTGACACAGGAGCGCATTGCACATCAACGGATGGGAGATTGAAGATTTCTGTTGAAACTTACACTGTTTCATCTCAGCTTTTGATGGTACTGATGAGTCTTGATCTAGATACAGGACTGGTTCCTTCCTTAGTTTCAAAGTGTCTCATTCTCAG,76
1753,AGG,23,-,GTAGGCTCCGGACAACCTGG,GTTTCGAGACGATGGGAGGCCGTCTCGGTGC,ATACTCTGAAAGAGCGTGACCTCCA,GGTTGTCCGGAGC,GTAGGCTCCGGACAACCTGGGTTTCGAGACGATGGGAGGCCGTCTCGGTGCATACTCTGAAAGAGCGTGACCTCCAGGTTGTCCGGAGC,144,GTAGGCTCCGGACAACCTGGGTTTCAGAGCTATGCTGGAAACAGCATAGCAAGTTGAAATAAGGCTAGTCCGTTATCAACTTGAAAAAGTGGCACCGAGTCGGTGCATACTCTGAAAGAGCGTGACCTCCAGGTTGTCCGGAGC,144,TTTTCTTTAACCTAAAGTGAGATCCATCAGTAGTACAGGTAGTTGTTGGCAAAGCCTCTTGTTCGTTCCTTGTACTGAGACCCTAGTCTGCCACTGAGGATTTGGTTTTTGCCCTTCCAGTGTATACTCTGAAAGAGCGtgaCCTCCAGGTTGTCCGGAGCCTAGTCAAGCCTGAGAATTACAGGAGACTGGACATCGTCAGGTCGCTCTACGAAGATCTGGAAGACCACCCAAATGTGCAGAAAGACCTGGAGCGGCTGACACAGGAGCGCATTGCACATCAACGGATGGGAGATTGAAGATTTCTGTTGAAACTTACACTGTTTCATCTCAGCTTTTGATGGTACTGATGAGTCTTGATCTAGATACAGGACTGGTTCCTTCCTTAGTTTCAAAGTGTCTCATTCTCAG,77
1826,TGG,24,-,GGCTCTTTCAGAGTATACAC,GTTTCGAGACGACTCCCCTGCGTCTCGGTGC,GGATTTGGTTTTGCCCTTCCAGTG,TATACTCTGAAAG,GGCTCTTTCAGAGTATACACGTTTCGAGACGACTCCCCTGCGTCTCGGTGCGGATTTGGTTTTGCCCTTCCAGTGTATACTCTGAAAG,143,GGCTCTTTCAGAGTATACACGTTTCAGAGCTATGCTGGAAACAGCATAGCAAGTTGAAATAAGGCTAGTCCGTTATCAACTTGAAAAAGTGGCACCGAGTCGGTGCGGATTTGGTTTTGCCCTTCCAGTGTATACTCTGAAAG,143,TTTTCTTTAACCTAAAGTGAGATCCATCAGTAGTACAGGTAGTTGTTGGCAAAGCCTCTTGTTCGTTCCTTGTACTGAGACCCTAGTCTGCCACTGAGGATTTGGT-TTTGCCCTTCCAGTGTATACTCTGAAAGAGCGATGCCTCCAGGTTGTCCGGAGCCTAGTCAAGCCTGAGAATTACAGGAGACTGGACATCGTCAGGTCGCTCTACGAAGATCTGGAAGACCACCCAAATGTGCAGAAAGACCTGGAGCGGCTGACACAGGAGCGCATTGCACATCAACGGATGGGAGATTGAAGATTTCTGTTGAAACTTACACTGTTTCATCTCAGCTTTTGATGGTACTGATGAGTCTTGATCTAGATACAGGACTGGTTCCTTCCTTAGTTTCAAAGTGTCTCATTCTCAG,73
1827,TGG,24,-,GGCTCTTTCAGAGTATACAC,GTTTCGAGACGGGTCTAACTCGTCTCGGTGC,GGATTTGGTTTTTGCTGATCCAGTG,TATACTCTGAAAG,GGCTCTTTCAGAGTATACACGTTTCGAGACGGGTCTAACTCGTCTCGGTGCGGATTTGGTTTTTGCTGATCCAGTGTATACTCTGAAAG,144,GGCTCTTTCAGAGTATACACGTTTCAGAGCTATGCTGGAAACAGCATAGCAAGTTGAAATAAGGCTAGTCCGTTATCAACTTGAAAAAGTGGCACCGAGTCGGTGCGGATTTGGTTTTTGCTGATCCAGTGTATACTCTGAAAG,144,TTTTCTTTAACCTAAAGTGAGATCCATCAGTAGTACAGGTAGTTGTTGGCAAAGCCTCTTGTTCGTTCCTTGTACTGAGACCCTAGTCTGCCACTGAGGATTTGGTTTTTGCtgaTCCAGTGTATACTCTGAAAGAGCGATGCCTCCAGGTTGTCCGGAGCCTAGTCAAGCCTGAGAATTACAGGAGACTGGACATCGTCAGGTCGCTCTACGAAGATCTGGAAGACCACCCAAATGTGCAGAAAGACCTGGAGCGGCTGACACAGGAGCGCATTGCACATCAACGGATGGGAGATTGAAGATTTCTGTTGAAACTTACACTGTTTCATCTCAGCTTTTGATGGTACTGATGAGTCTTGATCTAGATACAGGACTGGTTCCTTCCTTAGTTTCAAAGTGTCTCATTCTCAG,74
1888,AGG,25,-,GTTTCAGAGTATACACTGGA,GTTTCGAGACGTGTTGAAAACGTCTCGGTGC,CTGAGGATTGGTTTTTGCCCTTCC,AGTGTATACTCTG,GTTTCAGAGTATACACTGGAGTTTCGAGACGTGTTGAAAACGTCTCGGTGCCTGAGGATTGGTTTTTGCCCTTCCAGTGTATACTCTG,143,GTTTCAGAGTATACACTGGAGTTTCAGAGCTATGCTGGAAACAGCATAGCAAGTTGAAATAAGGCTAGTCCGTTATCAACTTGAAAAAGTGGCACCGAGTCGGTGCCTGAGGATTGGTTTTTGCCCTTCCAGTGTATACTCTG,143,TTTTCTTTAACCTAAAGTGAGATCCATCAGTAGTACAGGTAGTTGTTGGCAAAGCCTCTTGTTCGTTCCTTGTACTGAGACCCTAGTCTGCCACTGAGGATT-GGTTTTTGCCCTTCCAGTGTATACTCTGAAAGAGCGATGCCTCCAGGTTGTCCGGAGCCTAGTCAAGCCTGAGAATTACAGGAGACTGGACATCGTCAGGTCGCTCTACGAAGATCTGGAAGACCACCCAAATGTGCAGAAAGACCTGGAGCGGCTGACACAGGAGCGCATTGCACATCAACGGATGGGAGATTGAAGATTTCTGTTGAAACTTACACTGTTTCATCTCAGCTTTTGATGGTACTGATGAGTCTTGATCTAGATACAGGACTGGTTCCTTCCTTAGTTTCAAAGTGTCTCATTCTCAG,61
1889,AGG,25,-,GTTTCAGAGTATACACTGGA,GTTTCGAGACGTCGCGCCTCCGTCTCGGTGC,CTGAGGATTTGGTTTTTGACCTTCC,AGTGTATACTCTG,GTTTCAGAGTATACACTGGAGTTTCGAGACGTCGCGCCTCCGTCTCGGTGCCTGAGGATTTGGTTTTTGACCTTCCAGTGTATACTCTG,144,GTTTCAGAGTATACACTGGAGTTTCAGAGCTATGCTGGAAACAGCATAGCAAGTTGAAATAAGGCTAGTCCGTTATCAACTTGAAAAAGTGGCACCGAGTCGGTGCCTGAGGATTTGGTTTTTGACCTTCCAGTGTATACTCTG,144,TTTTCTTTAACCTAAAGTGAGATCCATCAGTAGTACAGGTAGTTGTTGGCAAAGCCTCTTGTTCGTTCCTTGTACTGAGACCCTAGTCTGCCACTGAGGATTTGGTTTTTGaCCTTCCAGTGTATACTCTGAAAGAGCGATGCCTCCAGGTTGTCCGGAGCCTAGTCAAGCCTGAGAATTACAGGAGACTGGACATCGTCAGGTCGCTCTACGAAGATCTGGAAGACCACCCAAATGTGCAGAAAGACCTGGAGCGGCTGACACAGGAGCGCATTGCACATCAACGGATGGGAGATTGAAGATTTCTGTTGAAACTTACACTGTTTCATCTCAGCTTTTGATGGTACTGATGAGTCTTGATCTAGATACAGGACTGGTTCCTTCCTTAGTTTCAAAGTGTCTCATTCTCAG,62
1947,GGG,26,-,GTTCAGAGTATACACTGGAA,GTTTCGAGACGACGGGACAGCGTCTCGGTGC,ACTGAGGATTGGTTTTTGCCCTTC,CAGTGTATACTCT,GTTCAGAGTATACACTGGAAGTTTCGAGACGACGGGACAGCGTCTCGGTGCACTGAGGATTGGTTTTTGCCCTTCCAGTGTATACTCT,143,GTTCAGAGTATACACTGGAAGTTTCAGAGCTATGCTGGAAACAGCATAGCAAGTTGAAATAAGGCTAGTCCGTTATCAACTTGAAAAAGTGGCACCGAGTCGGTGCACTGAGGATTGGTTTTTGCCCTTCCAGTGTATACTCT,143,TTTTCTTTAACCTAAAGTGAGATCCATCAGTAGTACAGGTAGTTGTTGGCAAAGCCTCTTGTTCGTTCCTTGTACTGAGACCCTAGTCTGCCACTGAGGAT-TGGTTTTTGCCCTTCCAGTGTATACTCTGAAAGAGCGATGCCTCCAGGTTGTCCGGAGCCTAGTCAAGCCTGAGAATTACAGGAGACTGGACATCGTCAGGTCGCTCTACGAAGATCTGGAAGACCACCCAAATGTGCAGAAAGACCTGGAGCGGCTGACACAGGAGCGCATTGCACATCAACGGATGGGAGATTGAAGATTTCTGTTGAAACTTACACTGTTTCATCTCAGCTTTTGATGGTACTGATGAGTCTTGATCTAGATACAGGACTGGTTCCTTCCTTAGTTTCAAAGTGTCTCATTCTCAG,58
1948,GGG,26,-,GTTCAGAGTATACACTGGAA,GTTTCGAGACGCGCTTAGGGCGTCTCGGTGC,ACTGAGGATTTGGTTGATGCCCTTC,CAGTGTATACTCT,GTTCAGAGTATACACTGGAAGTTTCGAGACGCGCTTAGGGCGTCTCGGTGCACTGAGGATTTGGTTGATGCCCTTCCAGTGTATACTCT,144,GTTCAGAGTATACACTGGAAGTTTCAGAGCTATGCTGGAAACAGCATAGCAAGTTGAAATAAGGCTAGTCCGTTATCAACTTGAAAAAGTGGCACCGAGTCGGTGCACTGAGGATTTGGTTGATGCCCTTCCAGTGTATACTCT,144,TTTTCTTTAACCTAAAGTGAGATCCATCAGTAGTACAGGTAGTTGTTGGCAAAGCCTCTTGTTCGTTCCTTGTACTGAGACCCTAGTCTGCCACTGAGGATTTGGTTgaTGCCCTTCCAGTGTATACTCTGAAAGAGCGATGCCTCCAGGTTGTCCGGAGCCTAGTCAAGCCTGAGAATTACAGGAGACTGGACATCGTCAGGTCGCTCTACGAAGATCTGGAAGACCACCCAAATGTGCAGAAAGACCTGGAGCGGCTGACACAGGAGCGCATTGCACATCAACGGATGGGAGATTGAAGATTTCTGTTGAAACTTACACTGTTTCATCTCAGCTTTTGATGGTACTGATGAGTCTTGATCTAGATACAGGACTGGTTCCTTCCTTAGTTTCAAAGTGTCTCATTCTCAG,59
