,epeg No.,PAM,PAM No.,Strand,Spacer,Filler,RTTs,PBS,Complete epegRNA,Length (bp),Complete epegRNA (SF),Length (bp) (SF),Edited DNA Sequence,epeg No. within PAM,PRIDICT input,PRIDICT2.0 score
0,31,AGG,1,+,GAGACCCTAGTCTGCCACTG,GTTTCGAGACGGCATGTTAGCGTCTCGGTGC,GGAAGGGCAACAACCAAATCCTCAG,TGGCAGACTAGGG,GAGACCCTAGTCTGCCACTGGTTTCGAGACGGCATGTTAGCGTCTCGGTGCGGAAGGGCAACAACCAAATCCTCAGTGGCAGACTAGGG,144,GAGACCCTAGTCTGCCACTGGTTTCAGAGCTATGCTGGAAACAGCATAGCAAGTTGAAATAAGGCTAGTCCGTTATCAACTTGAAAAAGTGGCACCGAGTCGGTGCGGAAGGGCAACAACCAAATCCTCAGTGGCAGACTAGGG,144,TTTTCTTTAACCTAAAGTGAGATCCATCAGTAGTACAGGTAGTTGTTGGCAAAGCCTCTTGTTCGTTCCTTGTACTGAGACCCTAGTCTGCCACTGAGGATTTGGTTgTTGCCCTTCCAGTGTATACTCTGAAAGAGCGATGCCTCCAGGTTGTCCGGAGCCTAGTCAAGCCTGAGAATTACAGGAGACTGGACATCGTCAGGTCGCTCTACGAAGATCTGGAAGACCACCCAAATGTGCAGAAAGACCTGGAGCGGCTGACACAGGAGCGCATTGCACATCAACGGATGGGAGATTGAAGATTTCTGTTGAAACTTACACTGTTTCATCTCAGCTTTTGATGGTACTGATGAGTCTTGATCTAGATACAGGACTGGTTCCTTCCTTAGTTTCAAAGTGTCTCATTCTCAG,31,TAACCTAAAGTGAGATCCATCAGTAGTACAGGTAGTTGTTGGCAAAGCCTCTTGTTCGTTCCTTGTACTGAGACCCTAGTCTGCCACTGAGGATTTGGTT(T/G)TTGCCCTTCCAGTGTATACTCTGAAAGAGCGATGCCTCCAGGTTGTCCGGAGCCTAGTCAAGCCTGAGAATTACAGGAGACTGGACATCGTCAGGTCGC,not available
1,100,TGG,2,+,GTAGTCTGCCACTGAGGATT,GTTTCGAGACGGTAACTAAACGTCTCGGTGC,TACACTGGAAGGCCAAAAACCAAAT,CCTCAGTGGCAGA,GTAGTCTGCCACTGAGGATTGTTTCGAGACGGTAACTAAACGTCTCGGTGCTACACTGGAAGGCCAAAAACCAAATCCTCAGTGGCAGA,144,GTAGTCTGCCACTGAGGATTGTTTCAGAGCTATGCTGGAAACAGCATAGCAAGTTGAAATAAGGCTAGTCCGTTATCAACTTGAAAAAGTGGCACCGAGTCGGTGCTACACTGGAAGGCCAAAAACCAAATCCTCAGTGGCAGA,144,TTTTCTTTAACCTAAAGTGAGATCCATCAGTAGTACAGGTAGTTGTTGGCAAAGCCTCTTGTTCGTTCCTTGTACTGAGACCCTAGTCTGCCACTGAGGATTTGGTTTTTGgCCTTCCAGTGTATACTCTGAAAGAGCGATGCCTCCAGGTTGTCCGGAGCCTAGTCAAGCCTGAGAATTACAGGAGACTGGACATCGTCAGGTCGCTCTACGAAGATCTGGAAGACCACCCAAATGTGCAGAAAGACCTGGAGCGGCTGACACAGGAGCGCATTGCACATCAACGGATGGGAGATTGAAGATTTCTGTTGAAACTTACACTGTTTCATCTCAGCTTTTGATGGTACTGATGAGTCTTGATCTAGATACAGGACTGGTTCCTTCCTTAGTTTCAAAGTGTCTCATTCTCAG,38,CTAAAGTGAGATCCATCAGTAGTACAGGTAGTTGTTGGCAAAGCCTCTTGTTCGTTCCTTGTACTGAGACCCTAGTCTGCCACTGAGGATTTGGTTTTTG(C/G)CCTTCCAGTGTATACTCTGAAAGAGCGATGCCTCCAGGTTGTCCGGAGCCTAGTCAAGCCTGAGAATTACAGGAGACTGGACATCGTCAGGTCGCTCTA,not available
2,177,AGG,3,+,GCTGAAAGAGCGATGCCTCC,GTTTCGAGACGGGCGATCTGCGTCTCGGTGC,TTGACTAGGCTCTGGACAACCTGGA,GGCATCGCTCTTT,GCTGAAAGAGCGATGCCTCCGTTTCGAGACGGGCGATCTGCGTCTCGGTGCTTGACTAGGCTCTGGACAACCTGGAGGCATCGCTCTTT,144,GCTGAAAGAGCGATGCCTCCGTTTCAGAGCTATGCTGGAAACAGCATAGCAAGTTGAAATAAGGCTAGTCCGTTATCAACTTGAAAAAGTGGCACCGAGTCGGTGCTTGACTAGGCTCTGGACAACCTGGAGGCATCGCTCTTT,144,TTTTCTTTAACCTAAAGTGAGATCCATCAGTAGTACAGGTAGTTGTTGGCAAAGCCTCTTGTTCGTTCCTTGTACTGAGACCCTAGTCTGCCACTGAGGATTTGGTTTTTGCCCTTCCAGTGTATACTCTGAAAGAGCGATGCCTCCAGGTTGTCCaGAGCCTAGTCAAGCCTGAGAATTACAGGAGACTGGACATCGTCAGGTCGCTCTACGAAGATCTGGAAGACCACCCAAATGTGCAGAAAGACCTGGAGCGGCTGACACAGGAGCGCATTGCACATCAACGGATGGGAGATTGAAGATTTCTGTTGAAACTTACACTGTTTCATCTCAGCTTTTGATGGTACTGATGAGTCTTGATCTAGATACAGGACTGGTTCCTTCCTTAGTTTCAAAGTGTCTCATTCTCAG,38,TCTTGTTCGTTCCTTGTACTGAGACCCTAGTCTGCCACTGAGGATTTGGTTTTTGCCCTTCCAGTGTATACTCTGAAAGAGCGATGCCTCCAGGTTGTCC(G/A)GAGCCTAGTCAAGCCTGAGAATTACAGGAGACTGGACATCGTCAGGTCGCTCTACGAAGATCTGGAAGACCACCCAAATGTGCAGAAAGACCTGGAGCG,not available
3,254,CGG,4,+,GGCGATGCCTCCAGGTTGTC,GTTTCGAGACGTACATCGTCCGTCTCGGTGC,TCTCAGGCTTGATTAGGCTCCGGAC,AACCTGGAGGCAT,GGCGATGCCTCCAGGTTGTCGTTTCGAGACGTACATCGTCCGTCTCGGTGCTCTCAGGCTTGATTAGGCTCCGGACAACCTGGAGGCAT,144,GGCGATGCCTCCAGGTTGTCGTTTCAGAGCTATGCTGGAAACAGCATAGCAAGTTGAAATAAGGCTAGTCCGTTATCAACTTGAAAAAGTGGCACCGAGTCGGTGCTCTCAGGCTTGATTAGGCTCCGGACAACCTGGAGGCAT,144,TTTTCTTTAACCTAAAGTGAGATCCATCAGTAGTACAGGTAGTTGTTGGCAAAGCCTCTTGTTCGTTCCTTGTACTGAGACCCTAGTCTGCCACTGAGGATTTGGTTTTTGCCCTTCCAGTGTATACTCTGAAAGAGCGATGCCTCCAGGTTGTCCGGAGCCTAaTCAAGCCTGAGAATTACAGGAGACTGGACATCGTCAGGTCGCTCTACGAAGATCTGGAAGACCACCCAAATGTGCAGAAAGACCTGGAGCGGCTGACACAGGAGCGCATTGCACATCAACGGATGGGAGATTGAAGATTTCTGTTGAAACTTACACTGTTTCATCTCAGCTTTTGATGGTACTGATGAGTCTTGATCTAGATACAGGACTGGTTCCTTCCTTAGTTTCAAAGTGTCTCATTCTCAG,38,GTTCCTTGTACTGAGACCCTAGTCTGCCACTGAGGATTTGGTTTTTGCCCTTCCAGTGTATACTCTGAAAGAGCGATGCCTCCAGGTTGTCCGGAGCCTA(G/A)TCAAGCCTGAGAATTACAGGAGACTGGACATCGTCAGGTCGCTCTACGAAGATCTGGAAGACCACCCAAATGTGCAGAAAGACCTGGAGCGGCTGACAC,not available
4,331,AGG,5,+,GAGTCAAGCCTGAGAATTAC,GTTTCGAGACGGTGTATTATCGTCTCGGTGC,ACCTGACGATGTTCAGTCTCCTGTA,ATTCTCAGGCTTG,GAGTCAAGCCTGAGAATTACGTTTCGAGACGGTGTATTATCGTCTCGGTGCACCTGACGATGTTCAGTCTCCTGTAATTCTCAGGCTTG,144,GAGTCAAGCCTGAGAATTACGTTTCAGAGCTATGCTGGAAACAGCATAGCAAGTTGAAATAAGGCTAGTCCGTTATCAACTTGAAAAAGTGGCACCGAGTCGGTGCACCTGACGATGTTCAGTCTCCTGTAATTCTCAGGCTTG,144,TTTTCTTTAACCTAAAGTGAGATCCATCAGTAGTACAGGTAGTTGTTGGCAAAGCCTCTTGTTCGTTCCTTGTACTGAGACCCTAGTCTGCCACTGAGGATTTGGTTTTTGCCCTTCCAGTGTATACTCTGAAAGAGCGATGCCTCCAGGTTGTCCGGAGCCTAGTCAAGCCTGAGAATTACAGGAGACTGaACATCGTCAGGTCGCTCTACGAAGATCTGGAAGACCACCCAAATGTGCAGAAAGACCTGGAGCGGCTGACACAGGAGCGCATTGCACATCAACGGATGGGAGATTGAAGATTTCTGTTGAAACTTACACTGTTTCATCTCAGCTTTTGATGGTACTGATGAGTCTTGATCTAGATACAGGACTGGTTCCTTCCTTAGTTTCAAAGTGTCTCATTCTCAG,38,CACTGAGGATTTGGTTTTTGCCCTTCCAGTGTATACTCTGAAAGAGCGATGCCTCCAGGTTGTCCGGAGCCTAGTCAAGCCTGAGAATTACAGGAGACTG(G/A)ACATCGTCAGGTCGCTCTACGAAGATCTGGAAGACCACCCAAATGTGCAGAAAGACCTGGAGCGGCTGACACAGGAGCGCATTGCACATCAACGGATGG,not available
5,408,TGG,6,+,GCCTGAGAATTACAGGAGAC,GTTTCGAGACGAGAACCCTACGTCTCGGTGC,TAGAGCGACCTGTCGATGTCCAGTC,TCCTGTAATTCTC,GCCTGAGAATTACAGGAGACGTTTCGAGACGAGAACCCTACGTCTCGGTGCTAGAGCGACCTGTCGATGTCCAGTCTCCTGTAATTCTC,144,GCCTGAGAATTACAGGAGACGTTTCAGAGCTATGCTGGAAACAGCATAGCAAGTTGAAATAAGGCTAGTCCGTTATCAACTTGAAAAAGTGGCACCGAGTCGGTGCTAGAGCGACCTGTCGATGTCCAGTCTCCTGTAATTCTC,144,TTTTCTTTAACCTAAAGTGAGATCCATCAGTAGTACAGGTAGTTGTTGGCAAAGCCTCTTGTTCGTTCCTTGTACTGAGACCCTAGTCTGCCACTGAGGATTTGGTTTTTGCCCTTCCAGTGTATACTCTGAAAGAGCGATGCCTCCAGGTTGTCCGGAGCCTAGTCAAGCCTGAGAATTACAGGAGACTGGACATCGaCAGGTCGCTCTACGAAGATCTGGAAGACCACCCAAATGTGCAGAAAGACCTGGAGCGGCTGACACAGGAGCGCATTGCACATCAACGGATGGGAGATTGAAGATTTCTGTTGAAACTTACACTGTTTCATCTCAGCTTTTGATGGTACTGATGAGTCTTGATCTAGATACAGGACTGGTTCCTTCCTTAGTTTCAAAGTGTCTCATTCTCAG,38,GATTTGGTTTTTGCCCTTCCAGTGTATACTCTGAAAGAGCGATGCCTCCAGGTTGTCCGGAGCCTAGTCAAGCCTGAGAATTACAGGAGACTGGACATCG(T/A)CAGGTCGCTCTACGAAGATCTGGAAGACCACCCAAATGTGCAGAAAGACCTGGAGCGGCTGACACAGGAGCGCATTGCACATCAACGGATGGGAGATTG,not available
6,485,AGG,7,+,GCAGGAGACTGGACATCGTC,GTTTCGAGACGTCACACTCCCGTCTCGGTGC,CCAGATCTTCGTTGAGCGACCTGAC,GATGTCCAGTCTC,GCAGGAGACTGGACATCGTCGTTTCGAGACGTCACACTCCCGTCTCGGTGCCCAGATCTTCGTTGAGCGACCTGACGATGTCCAGTCTC,144,GCAGGAGACTGGACATCGTCGTTTCAGAGCTATGCTGGAAACAGCATAGCAAGTTGAAATAAGGCTAGTCCGTTATCAACTTGAAAAAGTGGCACCGAGTCGGTGCCCAGATCTTCGTTGAGCGACCTGACGATGTCCAGTCTC,144,TTTTCTTTAACCTAAAGTGAGATCCATCAGTAGTACAGGTAGTTGTTGGCAAAGCCTCTTGTTCGTTCCTTGTACTGAGACCCTAGTCTGCCACTGAGGATTTGGTTTTTGCCCTTCCAGTGTATACTCTGAAAGAGCGATGCCTCCAGGTTGTCCGGAGCCTAGTCAAGCCTGAGAATTACAGGAGACTGGACATCGTCAGGTCGCTCaACGAAGATCTGGAAGACCACCCAAATGTGCAGAAAGACCTGGAGCGGCTGACACAGGAGCGCATTGCACATCAACGGATGGGAGATTGAAGATTTCTGTTGAAACTTACACTGTTTCATCTCAGCTTTTGATGGTACTGATGAGTCTTGATCTAGATACAGGACTGGTTCCTTCCTTAGTTTCAAAGTGTCTCATTCTCAG,38,TGCCCTTCCAGTGTATACTCTGAAAGAGCGATGCCTCCAGGTTGTCCGGAGCCTAGTCAAGCCTGAGAATTACAGGAGACTGGACATCGTCAGGTCGCTC(T/A)ACGAAGATCTGGAAGACCACCCAAATGTGCAGAAAGACCTGGAGCGGCTGACACAGGAGCGCATTGCACATCAACGGATGGGAGATTGAAGATTTCTGT,not available
7,562,TGG,8,+,GAGGTCGCTCTACGAAGATC,GTTTCGAGACGCCGTAGTCCCGTCTCGGTGC,TGCACATTTGGGCGGTCTTCCAGAT,CTTCGTAGAGCGA,GAGGTCGCTCTACGAAGATCGTTTCGAGACGCCGTAGTCCCGTCTCGGTGCTGCACATTTGGGCGGTCTTCCAGATCTTCGTAGAGCGA,144,GAGGTCGCTCTACGAAGATCGTTTCAGAGCTATGCTGGAAACAGCATAGCAAGTTGAAATAAGGCTAGTCCGTTATCAACTTGAAAAAGTGGCACCGAGTCGGTGCTGCACATTTGGGCGGTCTTCCAGATCTTCGTAGAGCGA,144,TTTTCTTTAACCTAAAGTGAGATCCATCAGTAGTACAGGTAGTTGTTGGCAAAGCCTCTTGTTCGTTCCTTGTACTGAGACCCTAGTCTGCCACTGAGGATTTGGTTTTTGCCCTTCCAGTGTATACTCTGAAAGAGCGATGCCTCCAGGTTGTCCGGAGCCTAGTCAAGCCTGAGAATTACAGGAGACTGGACATCGTCAGGTCGCTCTACGAAGATCTGGAAGACCgCCCAAATGTGCAGAAAGACCTGGAGCGGCTGACACAGGAGCGCATTGCACATCAACGGATGGGAGATTGAAGATTTCTGTTGAAACTTACACTGTTTCATCTCAGCTTTTGATGGTACTGATGAGTCTTGATCTAGATACAGGACTGGTTCCTTCCTTAGTTTCAAAGTGTCTCATTCTCAG,38,CTGAAAGAGCGATGCCTCCAGGTTGTCCGGAGCCTAGTCAAGCCTGAGAATTACAGGAGACTGGACATCGTCAGGTCGCTCTACGAAGATCTGGAAGACC(A/G)CCCAAATGTGCAGAAAGACCTGGAGCGGCTGACACAGGAGCGCATTGCACATCAACGGATGGGAGATTGAAGATTTCTGTTGAAACTTACACTGTTTCA,not available
8,639,TGG,9,+,GCCAAATGTGCAGAAAGACC,GTTTCGAGACGTCCATAGAGCGTCTCGGTGC,CGCTCCTGTGTCTGCCGCTCCAGGT,CTTTCTGCACATT,GCCAAATGTGCAGAAAGACCGTTTCGAGACGTCCATAGAGCGTCTCGGTGCCGCTCCTGTGTCTGCCGCTCCAGGTCTTTCTGCACATT,144,GCCAAATGTGCAGAAAGACCGTTTCAGAGCTATGCTGGAAACAGCATAGCAAGTTGAAATAAGGCTAGTCCGTTATCAACTTGAAAAAGTGGCACCGAGTCGGTGCCGCTCCTGTGTCTGCCGCTCCAGGTCTTTCTGCACATT,144,TTTTCTTTAACCTAAAGTGAGATCCATCAGTAGTACAGGTAGTTGTTGGCAAAGCCTCTTGTTCGTTCCTTGTACTGAGACCCTAGTCTGCCACTGAGGATTTGGTTTTTGCCCTTCCAGTGTATACTCTGAAAGAGCGATGCCTCCAGGTTGTCCGGAGCCTAGTCAAGCCTGAGAATTACAGGAGACTGGACATCGTCAGGTCGCTCTACGAAGATCTGGAAGACCACCCAAATGTGCAGAAAGACCTGGAGCGGCaGACACAGGAGCGCATTGCACATCAACGGATGGGAGATTGAAGATTTCTGTTGAAACTTACACTGTTTCATCTCAGCTTTTGATGGTACTGATGAGTCTTGATCTAGATACAGGACTGGTTCCTTCCTTAGTTTCAAAGTGTCTCATTCTCAG,38,AGCCTAGTCAAGCCTGAGAATTACAGGAGACTGGACATCGTCAGGTCGCTCTACGAAGATCTGGAAGACCACCCAAATGTGCAGAAAGACCTGGAGCGGC(T/A)GACACAGGAGCGCATTGCACATCAACGGATGGGAGATTGAAGATTTCTGTTGAAACTTACACTGTTTCATCTCAGCTTTTGATGGTACTGATGAGTCTT,not available
9,716,CGG,10,+,GTGTGCAGAAAGACCTGGAG,GTTTCGAGACGACCCATGTCCGTCTCGGTGC,CAATGCGCTCCTCTGTCAGCCGCTC,CAGGTCTTTCTGC,GTGTGCAGAAAGACCTGGAGGTTTCGAGACGACCCATGTCCGTCTCGGTGCCAATGCGCTCCTCTGTCAGCCGCTCCAGGTCTTTCTGC,144,GTGTGCAGAAAGACCTGGAGGTTTCAGAGCTATGCTGGAAACAGCATAGCAAGTTGAAATAAGGCTAGTCCGTTATCAACTTGAAAAAGTGGCACCGAGTCGGTGCCAATGCGCTCCTCTGTCAGCCGCTCCAGGTCTTTCTGC,144,TTTTCTTTAACCTAAAGTGAGATCCATCAGTAGTACAGGTAGTTGTTGGCAAAGCCTCTTGTTCGTTCCTTGTACTGAGACCCTAGTCTGCCACTGAGGATTTGGTTTTTGCCCTTCCAGTGTATACTCTGAAAGAGCGATGCCTCCAGGTTGTCCGGAGCCTAGTCAAGCCTGAGAATTACAGGAGACTGGACATCGTCAGGTCGCTCTACGAAGATCTGGAAGACCACCCAAATGTGCAGAAAGACCTGGAGCGGCTGACAgAGGAGCGCATTGCACATCAACGGATGGGAGATTGAAGATTTCTGTTGAAACTTACACTGTTTCATCTCAGCTTTTGATGGTACTGATGAGTCTTGATCTAGATACAGGACTGGTTCCTTCCTTAGTTTCAAAGTGTCTCATTCTCAG,38,AGTCAAGCCTGAGAATTACAGGAGACTGGACATCGTCAGGTCGCTCTACGAAGATCTGGAAGACCACCCAAATGTGCAGAAAGACCTGGAGCGGCTGACA(C/G)AGGAGCGCATTGCACATCAACGGATGGGAGATTGAAGATTTCTGTTGAAACTTACACTGTTTCATCTCAGCTTTTGATGGTACTGATGAGTCTTGATCT,not available
10,793,AGG,11,+,GGACCTGGAGCGGCTGACAC,GTTTCGAGACGTGACTTTAACGTCTCGGTGC,CGTTGATGTGCATTGCGCTCCTGTG,TCAGCCGCTCCAG,GGACCTGGAGCGGCTGACACGTTTCGAGACGTGACTTTAACGTCTCGGTGCCGTTGATGTGCATTGCGCTCCTGTGTCAGCCGCTCCAG,144,GGACCTGGAGCGGCTGACACGTTTCAGAGCTATGCTGGAAACAGCATAGCAAGTTGAAATAAGGCTAGTCCGTTATCAACTTGAAAAAGTGGCACCGAGTCGGTGCCGTTGATGTGCATTGCGCTCCTGTGTCAGCCGCTCCAG,144,TTTTCTTTAACCTAAAGTGAGATCCATCAGTAGTACAGGTAGTTGTTGGCAAAGCCTCTTGTTCGTTCCTTGTACTGAGACCCTAGTCTGCCACTGAGGATTTGGTTTTTGCCCTTCCAGTGTATACTCTGAAAGAGCGATGCCTCCAGGTTGTCCGGAGCCTAGTCAAGCCTGAGAATTACAGGAGACTGGACATCGTCAGGTCGCTCTACGAAGATCTGGAAGACCACCCAAATGTGCAGAAAGACCTGGAGCGGCTGACACAGGAGCGCAaTGCACATCAACGGATGGGAGATTGAAGATTTCTGTTGAAACTTACACTGTTTCATCTCAGCTTTTGATGGTACTGATGAGTCTTGATCTAGATACAGGACTGGTTCCTTCCTTAGTTTCAAAGTGTCTCATTCTCAG,38,GAGAATTACAGGAGACTGGACATCGTCAGGTCGCTCTACGAAGATCTGGAAGACCACCCAAATGTGCAGAAAGACCTGGAGCGGCTGACACAGGAGCGCA(T/A)TGCACATCAACGGATGGGAGATTGAAGATTTCTGTTGAAACTTACACTGTTTCATCTCAGCTTTTGATGGTACTGATGAGTCTTGATCTAGATACAGGA,not available
11,870,CGG,12,+,GGGAGCGCATTGCACATCAA,GTTTCGAGACGAAAATTCCACGTCTCGGTGC,GAAATCTTCAATTTCCCATCCGTTG,ATGTGCAATGCGC,GGGAGCGCATTGCACATCAAGTTTCGAGACGAAAATTCCACGTCTCGGTGCGAAATCTTCAATTTCCCATCCGTTGATGTGCAATGCGC,144,GGGAGCGCATTGCACATCAAGTTTCAGAGCTATGCTGGAAACAGCATAGCAAGTTGAAATAAGGCTAGTCCGTTATCAACTTGAAAAAGTGGCACCGAGTCGGTGCGAAATCTTCAATTTCCCATCCGTTGATGTGCAATGCGC,144,TTTTCTTTAACCTAAAGTGAGATCCATCAGTAGTACAGGTAGTTGTTGGCAAAGCCTCTTGTTCGTTCCTTGTACTGAGACCCTAGTCTGCCACTGAGGATTTGGTTTTTGCCCTTCCAGTGTATACTCTGAAAGAGCGATGCCTCCAGGTTGTCCGGAGCCTAGTCAAGCCTGAGAATTACAGGAGACTGGACATCGTCAGGTCGCTCTACGAAGATCTGGAAGACCACCCAAATGTGCAGAAAGACCTGGAGCGGCTGACACAGGAGCGCATTGCACATCAACGGATGGGAaATTGAAGATTTCTGTTGAAACTTACACTGTTTCATCTCAGCTTTTGATGGTACTGATGAGTCTTGATCTAGATACAGGACTGGTTCCTTCCTTAGTTTCAAAGTGTCTCATTCTCAG,38,CATCGTCAGGTCGCTCTACGAAGATCTGGAAGACCACCCAAATGTGCAGAAAGACCTGGAGCGGCTGACACAGGAGCGCATTGCACATCAACGGATGGGA(G/A)ATTGAAGATTTCTGTTGAAACTTACACTGTTTCATCTCAGCTTTTGATGGTACTGATGAGTCTTGATCTAGATACAGGACTGGTTCCTTCCTTAGTTTC,not available
12,947,TGG,13,+,GCGCATTGCACATCAACGGA,GTTTCGAGACGACTGAACTACGTCTCGGTGC,AACAGAAATCTTTAATCTCCCATCC,GTTGATGTGCAAT,GCGCATTGCACATCAACGGAGTTTCGAGACGACTGAACTACGTCTCGGTGCAACAGAAATCTTTAATCTCCCATCCGTTGATGTGCAAT,144,GCGCATTGCACATCAACGGAGTTTCAGAGCTATGCTGGAAACAGCATAGCAAGTTGAAATAAGGCTAGTCCGTTATCAACTTGAAAAAGTGGCACCGAGTCGGTGCAACAGAAATCTTTAATCTCCCATCCGTTGATGTGCAAT,144,TTTTCTTTAACCTAAAGTGAGATCCATCAGTAGTACAGGTAGTTGTTGGCAAAGCCTCTTGTTCGTTCCTTGTACTGAGACCCTAGTCTGCCACTGAGGATTTGGTTTTTGCCCTTCCAGTGTATACTCTGAAAGAGCGATGCCTCCAGGTTGTCCGGAGCCTAGTCAAGCCTGAGAATTACAGGAGACTGGACATCGTCAGGTCGCTCTACGAAGATCTGGAAGACCACCCAAATGTGCAGAAAGACCTGGAGCGGCTGACACAGGAGCGCATTGCACATCAACGGATGGGAGATTaAAGATTTCTGTTGAAACTTACACTGTTTCATCTCAGCTTTTGATGGTACTGATGAGTCTTGATCTAGATACAGGACTGGTTCCTTCCTTAGTTTCAAAGTGTCTCATTCTCAG,38,GTCAGGTCGCTCTACGAAGATCTGGAAGACCACCCAAATGTGCAGAAAGACCTGGAGCGGCTGACACAGGAGCGCATTGCACATCAACGGATGGGAGATT(G/A)AAGATTTCTGTTGAAACTTACACTGTTTCATCTCAGCTTTTGATGGTACTGATGAGTCTTGATCTAGATACAGGACTGGTTCCTTCCTTAGTTTCAAAG,not available
13,1023,GGG,14,+,GGCATTGCACATCAACGGAT,GTTTCGAGACGTCGTGTACCCGTCTCGGTGC,CAACAGAAATCTTAAATCTCCCATC,CGTTGATGTGCAA,GGCATTGCACATCAACGGATGTTTCGAGACGTCGTGTACCCGTCTCGGTGCCAACAGAAATCTTAAATCTCCCATCCGTTGATGTGCAA,144,GGCATTGCACATCAACGGATGTTTCAGAGCTATGCTGGAAACAGCATAGCAAGTTGAAATAAGGCTAGTCCGTTATCAACTTGAAAAAGTGGCACCGAGTCGGTGCCAACAGAAATCTTAAATCTCCCATCCGTTGATGTGCAA,144,TTTTCTTTAACCTAAAGTGAGATCCATCAGTAGTACAGGTAGTTGTTGGCAAAGCCTCTTGTTCGTTCCTTGTACTGAGACCCTAGTCTGCCACTGAGGATTTGGTTTTTGCCCTTCCAGTGTATACTCTGAAAGAGCGATGCCTCCAGGTTGTCCGGAGCCTAGTCAAGCCTGAGAATTACAGGAGACTGGACATCGTCAGGTCGCTCTACGAAGATCTGGAAGACCACCCAAATGTGCAGAAAGACCTGGAGCGGCTGACACAGGAGCGCATTGCACATCAACGGATGGGAGATTtAAGATTTCTGTTGAAACTTACACTGTTTCATCTCAGCTTTTGATGGTACTGATGAGTCTTGATCTAGATACAGGACTGGTTCCTTCCTTAGTTTCAAAGTGTCTCATTCTCAG,37,GTCAGGTCGCTCTACGAAGATCTGGAAGACCACCCAAATGTGCAGAAAGACCTGGAGCGGCTGACACAGGAGCGCATTGCACATCAACGGATGGGAGATT(G/T)AAGATTTCTGTTGAAACTTACACTGTTTCATCTCAGCTTTTGATGGTACTGATGAGTCTTGATCTAGATACAGGACTGGTTCCTTCCTTAGTTTCAAAG,not available
14,1098,AGG,15,-,GCTCCTGTGTCAGCCGCTCC,GTTTCGAGACGACTAGTAGACGTCTCGGTGC,ACCCAAATGTGCTGAAAGACCTGGA,GCGGCTGACACAG,GCTCCTGTGTCAGCCGCTCCGTTTCGAGACGACTAGTAGACGTCTCGGTGCACCCAAATGTGCTGAAAGACCTGGAGCGGCTGACACAG,144,GCTCCTGTGTCAGCCGCTCCGTTTCAGAGCTATGCTGGAAACAGCATAGCAAGTTGAAATAAGGCTAGTCCGTTATCAACTTGAAAAAGTGGCACCGAGTCGGTGCACCCAAATGTGCTGAAAGACCTGGAGCGGCTGACACAG,144,TTTTCTTTAACCTAAAGTGAGATCCATCAGTAGTACAGGTAGTTGTTGGCAAAGCCTCTTGTTCGTTCCTTGTACTGAGACCCTAGTCTGCCACTGAGGATTTGGTTTTTGCCCTTCCAGTGTATACTCTGAAAGAGCGATGCCTCCAGGTTGTCCGGAGCCTAGTCAAGCCTGAGAATTACAGGAGACTGGACATCGTCAGGTCGCTCTACGAAGATCTGGAAGACCACCCAAATGTGCtGAAAGACCTGGAGCGGCTGACACAGGAGCGCATTGCACATCAACGGATGGGAGATTGAAGATTTCTGTTGAAACTTACACTGTTTCATCTCAGCTTTTGATGGTACTGATGAGTCTTGATCTAGATACAGGACTGGTTCCTTCCTTAGTTTCAAAGTGTCTCATTCTCAG,38,TGCCTCCAGGTTGTCCGGAGCCTAGTCAAGCCTGAGAATTACAGGAGACTGGACATCGTCAGGTCGCTCTACGAAGATCTGGAAGACCACCCAAATGTGC(A/T)GAAAGACCTGGAGCGGCTGACACAGGAGCGCATTGCACATCAACGGATGGGAGATTGAAGATTTCTGTTGAAACTTACACTGTTTCATCTCAGCTTTTG,not available
15,1175,TGG,16,-,GCCAGGTCTTTCTGCACATT,GTTTCGAGACGTGTTAACCACGTCTCGGTGC,CGAAGATCTGGATGACCACCCAAAT,GTGCAGAAAGACC,GCCAGGTCTTTCTGCACATTGTTTCGAGACGTGTTAACCACGTCTCGGTGCCGAAGATCTGGATGACCACCCAAATGTGCAGAAAGACC,144,GCCAGGTCTTTCTGCACATTGTTTCAGAGCTATGCTGGAAACAGCATAGCAAGTTGAAATAAGGCTAGTCCGTTATCAACTTGAAAAAGTGGCACCGAGTCGGTGCCGAAGATCTGGATGACCACCCAAATGTGCAGAAAGACC,144,TTTTCTTTAACCTAAAGTGAGATCCATCAGTAGTACAGGTAGTTGTTGGCAAAGCCTCTTGTTCGTTCCTTGTACTGAGACCCTAGTCTGCCACTGAGGATTTGGTTTTTGCCCTTCCAGTGTATACTCTGAAAGAGCGATGCCTCCAGGTTGTCCGGAGCCTAGTCAAGCCTGAGAATTACAGGAGACTGGACATCGTCAGGTCGCTCTACGAAGATCTGGAtGACCACCCAAATGTGCAGAAAGACCTGGAGCGGCTGACACAGGAGCGCATTGCACATCAACGGATGGGAGATTGAAGATTTCTGTTGAAACTTACACTGTTTCATCTCAGCTTTTGATGGTACTGATGAGTCTTGATCTAGATACAGGACTGGTTCCTTCCTTAGTTTCAAAGTGTCTCATTCTCAG,38,ATACTCTGAAAGAGCGATGCCTCCAGGTTGTCCGGAGCCTAGTCAAGCCTGAGAATTACAGGAGACTGGACATCGTCAGGTCGCTCTACGAAGATCTGGA(A/T)GACCACCCAAATGTGCAGAAAGACCTGGAGCGGCTGACACAGGAGCGCATTGCACATCAACGGATGGGAGATTGAAGATTTCTGTTGAAACTTACACTG,not available
16,1252,GGG,17,-,GCAGGTCTTTCTGCACATTT,GTTTCGAGACGTTCAGAAATCGTCTCGGTGC,ACGAAGATCTGGTAGACCACCCAAA,TGTGCAGAAAGAC,GCAGGTCTTTCTGCACATTTGTTTCGAGACGTTCAGAAATCGTCTCGGTGCACGAAGATCTGGTAGACCACCCAAATGTGCAGAAAGAC,144,GCAGGTCTTTCTGCACATTTGTTTCAGAGCTATGCTGGAAACAGCATAGCAAGTTGAAATAAGGCTAGTCCGTTATCAACTTGAAAAAGTGGCACCGAGTCGGTGCACGAAGATCTGGTAGACCACCCAAATGTGCAGAAAGAC,144,TTTTCTTTAACCTAAAGTGAGATCCATCAGTAGTACAGGTAGTTGTTGGCAAAGCCTCTTGTTCGTTCCTTGTACTGAGACCCTAGTCTGCCACTGAGGATTTGGTTTTTGCCCTTCCAGTGTATACTCTGAAAGAGCGATGCCTCCAGGTTGTCCGGAGCCTAGTCAAGCCTGAGAATTACAGGAGACTGGACATCGTCAGGTCGCTCTACGAAGATCTGGtAGACCACCCAAATGTGCAGAAAGACCTGGAGCGGCTGACACAGGAGCGCATTGCACATCAACGGATGGGAGATTGAAGATTTCTGTTGAAACTTACACTGTTTCATCTCAGCTTTTGATGGTACTGATGAGTCTTGATCTAGATACAGGACTGGTTCCTTCCTTAGTTTCAAAGTGTCTCATTCTCAG,38,TATACTCTGAAAGAGCGATGCCTCCAGGTTGTCCGGAGCCTAGTCAAGCCTGAGAATTACAGGAGACTGGACATCGTCAGGTCGCTCTACGAAGATCTGG(A/T)AGACCACCCAAATGTGCAGAAAGACCTGGAGCGGCTGACACAGGAGCGCATTGCACATCAACGGATGGGAGATTGAAGATTTCTGTTGAAACTTACACT,not available
17,1329,TGG,18,-,GGTCTTTCTGCACATTTGGG,GTTTCGAGACGGGCACACCCCGTCTCGGTGC,TCTACGAAGATCCGGAAGACCACCC,AAATGTGCAGAAA,GGTCTTTCTGCACATTTGGGGTTTCGAGACGGGCACACCCCGTCTCGGTGCTCTACGAAGATCCGGAAGACCACCCAAATGTGCAGAAA,144,GGTCTTTCTGCACATTTGGGGTTTCAGAGCTATGCTGGAAACAGCATAGCAAGTTGAAATAAGGCTAGTCCGTTATCAACTTGAAAAAGTGGCACCGAGTCGGTGCTCTACGAAGATCCGGAAGACCACCCAAATGTGCAGAAA,144,TTTTCTTTAACCTAAAGTGAGATCCATCAGTAGTACAGGTAGTTGTTGGCAAAGCCTCTTGTTCGTTCCTTGTACTGAGACCCTAGTCTGCCACTGAGGATTTGGTTTTTGCCCTTCCAGTGTATACTCTGAAAGAGCGATGCCTCCAGGTTGTCCGGAGCCTAGTCAAGCCTGAGAATTACAGGAGACTGGACATCGTCAGGTCGCTCTACGAAGATCcGGAAGACCACCCAAATGTGCAGAAAGACCTGGAGCGGCTGACACAGGAGCGCATTGCACATCAACGGATGGGAGATTGAAGATTTCTGTTGAAACTTACACTGTTTCATCTCAGCTTTTGATGGTACTGATGAGTCTTGATCTAGATACAGGACTGGTTCCTTCCTTAGTTTCAAAGTGTCTCATTCTCAG,38,GTGTATACTCTGAAAGAGCGATGCCTCCAGGTTGTCCGGAGCCTAGTCAAGCCTGAGAATTACAGGAGACTGGACATCGTCAGGTCGCTCTACGAAGATC(T/C)GGAAGACCACCCAAATGTGCAGAAAGACCTGGAGCGGCTGACACAGGAGCGCATTGCACATCAACGGATGGGAGATTGAAGATTTCTGTTGAAACTTAC,not available
18,1406,AGG,19,-,GCCAGTCTCCTGTAATTCTC,GTTTCGAGACGCGATAAAGCCGTCTCGGTGC,TGTCCGGAGCCTTGTCAAGCCTGAG,AATTACAGGAGAC,GCCAGTCTCCTGTAATTCTCGTTTCGAGACGCGATAAAGCCGTCTCGGTGCTGTCCGGAGCCTTGTCAAGCCTGAGAATTACAGGAGAC,144,GCCAGTCTCCTGTAATTCTCGTTTCAGAGCTATGCTGGAAACAGCATAGCAAGTTGAAATAAGGCTAGTCCGTTATCAACTTGAAAAAGTGGCACCGAGTCGGTGCTGTCCGGAGCCTTGTCAAGCCTGAGAATTACAGGAGAC,144,TTTTCTTTAACCTAAAGTGAGATCCATCAGTAGTACAGGTAGTTGTTGGCAAAGCCTCTTGTTCGTTCCTTGTACTGAGACCCTAGTCTGCCACTGAGGATTTGGTTTTTGCCCTTCCAGTGTATACTCTGAAAGAGCGATGCCTCCAGGTTGTCCGGAGCCTtGTCAAGCCTGAGAATTACAGGAGACTGGACATCGTCAGGTCGCTCTACGAAGATCTGGAAGACCACCCAAATGTGCAGAAAGACCTGGAGCGGCTGACACAGGAGCGCATTGCACATCAACGGATGGGAGATTGAAGATTTCTGTTGAAACTTACACTGTTTCATCTCAGCTTTTGATGGTACTGATGAGTCTTGATCTAGATACAGGACTGGTTCCTTCCTTAGTTTCAAAGTGTCTCATTCTCAG,38,CGTTCCTTGTACTGAGACCCTAGTCTGCCACTGAGGATTTGGTTTTTGCCCTTCCAGTGTATACTCTGAAAGAGCGATGCCTCCAGGTTGTCCGGAGCCT(A/T)GTCAAGCCTGAGAATTACAGGAGACTGGACATCGTCAGGTCGCTCTACGAAGATCTGGAAGACCACCCAAATGTGCAGAAAGACCTGGAGCGGCTGACA,not available
19,1483,AGG,20,-,GGTAATTCTCAGGCTTGACT,GTTTCGAGACGTCGACTTGGCGTCTCGGTGC,GCCTCCAGGTTGCCCGGAGCCTAGT,CAAGCCTGAGAAT,GGTAATTCTCAGGCTTGACTGTTTCGAGACGTCGACTTGGCGTCTCGGTGCGCCTCCAGGTTGCCCGGAGCCTAGTCAAGCCTGAGAAT,144,GGTAATTCTCAGGCTTGACTGTTTCAGAGCTATGCTGGAAACAGCATAGCAAGTTGAAATAAGGCTAGTCCGTTATCAACTTGAAAAAGTGGCACCGAGTCGGTGCGCCTCCAGGTTGCCCGGAGCCTAGTCAAGCCTGAGAAT,144,TTTTCTTTAACCTAAAGTGAGATCCATCAGTAGTACAGGTAGTTGTTGGCAAAGCCTCTTGTTCGTTCCTTGTACTGAGACCCTAGTCTGCCACTGAGGATTTGGTTTTTGCCCTTCCAGTGTATACTCTGAAAGAGCGATGCCTCCAGGTTGcCCGGAGCCTAGTCAAGCCTGAGAATTACAGGAGACTGGACATCGTCAGGTCGCTCTACGAAGATCTGGAAGACCACCCAAATGTGCAGAAAGACCTGGAGCGGCTGACACAGGAGCGCATTGCACATCAACGGATGGGAGATTGAAGATTTCTGTTGAAACTTACACTGTTTCATCTCAGCTTTTGATGGTACTGATGAGTCTTGATCTAGATACAGGACTGGTTCCTTCCTTAGTTTCAAAGTGTCTCATTCTCAG,38,GCCTCTTGTTCGTTCCTTGTACTGAGACCCTAGTCTGCCACTGAGGATTTGGTTTTTGCCCTTCCAGTGTATACTCTGAAAGAGCGATGCCTCCAGGTTG(T/C)CCGGAGCCTAGTCAAGCCTGAGAATTACAGGAGACTGGACATCGTCAGGTCGCTCTACGAAGATCTGGAAGACCACCCAAATGTGCAGAAAGACCTGGA,not available
20,1560,CGG,21,-,GCTCAGGCTTGACTAGGCTC,GTTTCGAGACGGACACTTGGCGTCTCGGTGC,AGCGATGCCTCCTGGTTGTCCGGAG,CCTAGTCAAGCCT,GCTCAGGCTTGACTAGGCTCGTTTCGAGACGGACACTTGGCGTCTCGGTGCAGCGATGCCTCCTGGTTGTCCGGAGCCTAGTCAAGCCT,144,GCTCAGGCTTGACTAGGCTCGTTTCAGAGCTATGCTGGAAACAGCATAGCAAGTTGAAATAAGGCTAGTCCGTTATCAACTTGAAAAAGTGGCACCGAGTCGGTGCAGCGATGCCTCCTGGTTGTCCGGAGCCTAGTCAAGCCT,144,TTTTCTTTAACCTAAAGTGAGATCCATCAGTAGTACAGGTAGTTGTTGGCAAAGCCTCTTGTTCGTTCCTTGTACTGAGACCCTAGTCTGCCACTGAGGATTTGGTTTTTGCCCTTCCAGTGTATACTCTGAAAGAGCGATGCCTCCtGGTTGTCCGGAGCCTAGTCAAGCCTGAGAATTACAGGAGACTGGACATCGTCAGGTCGCTCTACGAAGATCTGGAAGACCACCCAAATGTGCAGAAAGACCTGGAGCGGCTGACACAGGAGCGCATTGCACATCAACGGATGGGAGATTGAAGATTTCTGTTGAAACTTACACTGTTTCATCTCAGCTTTTGATGGTACTGATGAGTCTTGATCTAGATACAGGACTGGTTCCTTCCTTAGTTTCAAAGTGTCTCATTCTCAG,38,GGCAAAGCCTCTTGTTCGTTCCTTGTACTGAGACCCTAGTCTGCCACTGAGGATTTGGTTTTTGCCCTTCCAGTGTATACTCTGAAAGAGCGATGCCTCC(A/T)GGTTGTCCGGAGCCTAGTCAAGCCTGAGAATTACAGGAGACTGGACATCGTCAGGTCGCTCTACGAAGATCTGGAAGACCACCCAAATGTGCAGAAAGA,not available
21,1637,TGG,22,-,GGACTAGGCTCCGGACAACC,GTTTCGAGACGCCACCCAGTCGTCTCGGTGC,CTCTGAAAGAGCCATGCCTCCAGGT,TGTCCGGAGCCTA,GGACTAGGCTCCGGACAACCGTTTCGAGACGCCACCCAGTCGTCTCGGTGCCTCTGAAAGAGCCATGCCTCCAGGTTGTCCGGAGCCTA,144,GGACTAGGCTCCGGACAACCGTTTCAGAGCTATGCTGGAAACAGCATAGCAAGTTGAAATAAGGCTAGTCCGTTATCAACTTGAAAAAGTGGCACCGAGTCGGTGCCTCTGAAAGAGCCATGCCTCCAGGTTGTCCGGAGCCTA,144,TTTTCTTTAACCTAAAGTGAGATCCATCAGTAGTACAGGTAGTTGTTGGCAAAGCCTCTTGTTCGTTCCTTGTACTGAGACCCTAGTCTGCCACTGAGGATTTGGTTTTTGCCCTTCCAGTGTATACTCTGAAAGAGCcATGCCTCCAGGTTGTCCGGAGCCTAGTCAAGCCTGAGAATTACAGGAGACTGGACATCGTCAGGTCGCTCTACGAAGATCTGGAAGACCACCCAAATGTGCAGAAAGACCTGGAGCGGCTGACACAGGAGCGCATTGCACATCAACGGATGGGAGATTGAAGATTTCTGTTGAAACTTACACTGTTTCATCTCAGCTTTTGATGGTACTGATGAGTCTTGATCTAGATACAGGACTGGTTCCTTCCTTAGTTTCAAAGTGTCTCATTCTCAG,38,GTAGTTGTTGGCAAAGCCTCTTGTTCGTTCCTTGTACTGAGACCCTAGTCTGCCACTGAGGATTTGGTTTTTGCCCTTCCAGTGTATACTCTGAAAGAGC(G/C)ATGCCTCCAGGTTGTCCGGAGCCTAGTCAAGCCTGAGAATTACAGGAGACTGGACATCGTCAGGTCGCTCTACGAAGATCTGGAAGACCACCCAAATGT,not available
22,1714,AGG,23,-,GTAGGCTCCGGACAACCTGG,GTTTCGAGACGGCTTCCCCCCGTCTCGGTGC,ATACTCTGAAAGTGCGATGCCTCCA,GGTTGTCCGGAGC,GTAGGCTCCGGACAACCTGGGTTTCGAGACGGCTTCCCCCCGTCTCGGTGCATACTCTGAAAGTGCGATGCCTCCAGGTTGTCCGGAGC,144,GTAGGCTCCGGACAACCTGGGTTTCAGAGCTATGCTGGAAACAGCATAGCAAGTTGAAATAAGGCTAGTCCGTTATCAACTTGAAAAAGTGGCACCGAGTCGGTGCATACTCTGAAAGTGCGATGCCTCCAGGTTGTCCGGAGC,144,TTTTCTTTAACCTAAAGTGAGATCCATCAGTAGTACAGGTAGTTGTTGGCAAAGCCTCTTGTTCGTTCCTTGTACTGAGACCCTAGTCTGCCACTGAGGATTTGGTTTTTGCCCTTCCAGTGTATACTCTGAAAGtGCGATGCCTCCAGGTTGTCCGGAGCCTAGTCAAGCCTGAGAATTACAGGAGACTGGACATCGTCAGGTCGCTCTACGAAGATCTGGAAGACCACCCAAATGTGCAGAAAGACCTGGAGCGGCTGACACAGGAGCGCATTGCACATCAACGGATGGGAGATTGAAGATTTCTGTTGAAACTTACACTGTTTCATCTCAGCTTTTGATGGTACTGATGAGTCTTGATCTAGATACAGGACTGGTTCCTTCCTTAGTTTCAAAGTGTCTCATTCTCAG,38,CAGGTAGTTGTTGGCAAAGCCTCTTGTTCGTTCCTTGTACTGAGACCCTAGTCTGCCACTGAGGATTTGGTTTTTGCCCTTCCAGTGTATACTCTGAAAG(A/T)GCGATGCCTCCAGGTTGTCCGGAGCCTAGTCAAGCCTGAGAATTACAGGAGACTGGACATCGTCAGGTCGCTCTACGAAGATCTGGAAGACCACCCAAA,not available
23,1790,TGG,24,-,GGCTCTTTCAGAGTATACAC,GTTTCGAGACGTTTACTTTACGTCTCGGTGC,GGATTTGGTTTTTACCCTTCCAGTG,TATACTCTGAAAG,GGCTCTTTCAGAGTATACACGTTTCGAGACGTTTACTTTACGTCTCGGTGCGGATTTGGTTTTTACCCTTCCAGTGTATACTCTGAAAG,144,GGCTCTTTCAGAGTATACACGTTTCAGAGCTATGCTGGAAACAGCATAGCAAGTTGAAATAAGGCTAGTCCGTTATCAACTTGAAAAAGTGGCACCGAGTCGGTGCGGATTTGGTTTTTACCCTTCCAGTGTATACTCTGAAAG,144,TTTTCTTTAACCTAAAGTGAGATCCATCAGTAGTACAGGTAGTTGTTGGCAAAGCCTCTTGTTCGTTCCTTGTACTGAGACCCTAGTCTGCCACTGAGGATTTGGTTTTTaCCCTTCCAGTGTATACTCTGAAAGAGCGATGCCTCCAGGTTGTCCGGAGCCTAGTCAAGCCTGAGAATTACAGGAGACTGGACATCGTCAGGTCGCTCTACGAAGATCTGGAAGACCACCCAAATGTGCAGAAAGACCTGGAGCGGCTGACACAGGAGCGCATTGCACATCAACGGATGGGAGATTGAAGATTTCTGTTGAAACTTACACTGTTTCATCTCAGCTTTTGATGGTACTGATGAGTCTTGATCTAGATACAGGACTGGTTCCTTCCTTAGTTTCAAAGTGTCTCATTCTCAG,37,CCTAAAGTGAGATCCATCAGTAGTACAGGTAGTTGTTGGCAAAGCCTCTTGTTCGTTCCTTGTACTGAGACCCTAGTCTGCCACTGAGGATTTGGTTTTT(G/A)CCCTTCCAGTGTATACTCTGAAAGAGCGATGCCTCCAGGTTGTCCGGAGCCTAGTCAAGCCTGAGAATTACAGGAGACTGGACATCGTCAGGTCGCTCT,not available
24,1858,AGG,25,-,GTTTCAGAGTATACACTGGA,GTTTCGAGACGTATGGAAACCGTCTCGGTGC,CTGAGGATTTGGTTTATGCCCTTCC,AGTGTATACTCTG,GTTTCAGAGTATACACTGGAGTTTCGAGACGTATGGAAACCGTCTCGGTGCCTGAGGATTTGGTTTATGCCCTTCCAGTGTATACTCTG,144,GTTTCAGAGTATACACTGGAGTTTCAGAGCTATGCTGGAAACAGCATAGCAAGTTGAAATAAGGCTAGTCCGTTATCAACTTGAAAAAGTGGCACCGAGTCGGTGCCTGAGGATTTGGTTTATGCCCTTCCAGTGTATACTCTG,144,TTTTCTTTAACCTAAAGTGAGATCCATCAGTAGTACAGGTAGTTGTTGGCAAAGCCTCTTGTTCGTTCCTTGTACTGAGACCCTAGTCTGCCACTGAGGATTTGGTTTaTGCCCTTCCAGTGTATACTCTGAAAGAGCGATGCCTCCAGGTTGTCCGGAGCCTAGTCAAGCCTGAGAATTACAGGAGACTGGACATCGTCAGGTCGCTCTACGAAGATCTGGAAGACCACCCAAATGTGCAGAAAGACCTGGAGCGGCTGACACAGGAGCGCATTGCACATCAACGGATGGGAGATTGAAGATTTCTGTTGAAACTTACACTGTTTCATCTCAGCTTTTGATGGTACTGATGAGTCTTGATCTAGATACAGGACTGGTTCCTTCCTTAGTTTCAAAGTGTCTCATTCTCAG,31,AACCTAAAGTGAGATCCATCAGTAGTACAGGTAGTTGTTGGCAAAGCCTCTTGTTCGTTCCTTGTACTGAGACCCTAGTCTGCCACTGAGGATTTGGTTT(T/A)TGCCCTTCCAGTGTATACTCTGAAAGAGCGATGCCTCCAGGTTGTCCGGAGCCTAGTCAAGCCTGAGAATTACAGGAGACTGGACATCGTCAGGTCGCT,not available
25,1918,GGG,26,-,GTTCAGAGTATACACTGGAA,GTTTCGAGACGCATGCTCAACGTCTCGGTGC,ACTGAGGATTTGGTTCTTGCCCTTC,CAGTGTATACTCT,GTTCAGAGTATACACTGGAAGTTTCGAGACGCATGCTCAACGTCTCGGTGCACTGAGGATTTGGTTCTTGCCCTTCCAGTGTATACTCT,144,GTTCAGAGTATACACTGGAAGTTTCAGAGCTATGCTGGAAACAGCATAGCAAGTTGAAATAAGGCTAGTCCGTTATCAACTTGAAAAAGTGGCACCGAGTCGGTGCACTGAGGATTTGGTTCTTGCCCTTCCAGTGTATACTCT,144,TTTTCTTTAACCTAAAGTGAGATCCATCAGTAGTACAGGTAGTTGTTGGCAAAGCCTCTTGTTCGTTCCTTGTACTGAGACCCTAGTCTGCCACTGAGGATTTGGTTcTTGCCCTTCCAGTGTATACTCTGAAAGAGCGATGCCTCCAGGTTGTCCGGAGCCTAGTCAAGCCTGAGAATTACAGGAGACTGGACATCGTCAGGTCGCTCTACGAAGATCTGGAAGACCACCCAAATGTGCAGAAAGACCTGGAGCGGCTGACACAGGAGCGCATTGCACATCAACGGATGGGAGATTGAAGATTTCTGTTGAAACTTACACTGTTTCATCTCAGCTTTTGATGGTACTGATGAGTCTTGATCTAGATACAGGACTGGTTCCTTCCTTAGTTTCAAAGTGTCTCATTCTCAG,29,TAACCTAAAGTGAGATCCATCAGTAGTACAGGTAGTTGTTGGCAAAGCCTCTTGTTCGTTCCTTGTACTGAGACCCTAGTCTGCCACTGAGGATTTGGTT(T/C)TTGCCCTTCCAGTGTATACTCTGAAAGAGCGATGCCTCCAGGTTGTCCGGAGCCTAGTCAAGCCTGAGAATTACAGGAGACTGGACATCGTCAGGTCGC,not available
